CREATE DATABASE  IF NOT EXISTS `auth_josp` /*!40100 DEFAULT CHARACTER SET latin1 */;
USE `auth_josp`;
-- MySQL dump 10.13  Distrib 5.7.29, for Linux (x86_64)
--
-- Host: localhost    Database: auth_josp
-- ------------------------------------------------------
-- Server version	5.7.29

/*!40101 SET @OLD_CHARACTER_SET_CLIENT=@@CHARACTER_SET_CLIENT */;
/*!40101 SET @OLD_CHARACTER_SET_RESULTS=@@CHARACTER_SET_RESULTS */;
/*!40101 SET @OLD_COLLATION_CONNECTION=@@COLLATION_CONNECTION */;
/*!40101 SET NAMES utf8 */;
/*!40103 SET @OLD_TIME_ZONE=@@TIME_ZONE */;
/*!40103 SET TIME_ZONE='+00:00' */;
/*!40014 SET @OLD_UNIQUE_CHECKS=@@UNIQUE_CHECKS, UNIQUE_CHECKS=0 */;
/*!40014 SET @OLD_FOREIGN_KEY_CHECKS=@@FOREIGN_KEY_CHECKS, FOREIGN_KEY_CHECKS=0 */;
/*!40101 SET @OLD_SQL_MODE=@@SQL_MODE, SQL_MODE='NO_AUTO_VALUE_ON_ZERO' */;
/*!40111 SET @OLD_SQL_NOTES=@@SQL_NOTES, SQL_NOTES=0 */;

--
-- Dumping data for table `ADMIN_EVENT_ENTITY`
--

LOCK TABLES `ADMIN_EVENT_ENTITY` WRITE;
/*!40000 ALTER TABLE `ADMIN_EVENT_ENTITY` DISABLE KEYS */;
/*!40000 ALTER TABLE `ADMIN_EVENT_ENTITY` ENABLE KEYS */;
UNLOCK TABLES;

--
-- Dumping data for table `ASSOCIATED_POLICY`
--

LOCK TABLES `ASSOCIATED_POLICY` WRITE;
/*!40000 ALTER TABLE `ASSOCIATED_POLICY` DISABLE KEYS */;
/*!40000 ALTER TABLE `ASSOCIATED_POLICY` ENABLE KEYS */;
UNLOCK TABLES;

--
-- Dumping data for table `AUTHENTICATION_EXECUTION`
--

LOCK TABLES `AUTHENTICATION_EXECUTION` WRITE;
/*!40000 ALTER TABLE `AUTHENTICATION_EXECUTION` DISABLE KEYS */;
INSERT INTO `AUTHENTICATION_EXECUTION` VALUES ('0064ec5c-201a-40d0-9bff-4e52f020c483',NULL,'reset-otp','master','896f5cbd-3d69-4128-bd71-528273fd3f52',0,20,_binary '\0',NULL,NULL),('06f3a59d-ac3f-4a5a-872e-b3e2d286cf40',NULL,'registration-page-form','JCP','53e2489e-5213-41bb-a391-3ea9c736239b',0,10,_binary '','5169bf23-b546-4418-af34-596149102f01',NULL),('0b560b44-bd87-4b0a-8f9d-45649e87c63b',NULL,'registration-user-creation','master','b5ff65fb-0c76-4dfd-bd1b-a561e95fe9ee',0,20,_binary '\0',NULL,NULL),('0d76a1c8-d187-49bd-ab8e-44dc46048c07',NULL,'reset-credential-email','JCP','04b85656-32c3-4968-b919-9713712ec670',0,20,_binary '\0',NULL,NULL),('11b248c8-8dd1-4076-8d11-3023ffb73b91',NULL,'conditional-user-configured','master','b224473a-7a51-4925-abbd-35496fec29b7',0,10,_binary '\0',NULL,NULL),('1c9f9798-40fe-44e0-9424-929feb50b46b',NULL,NULL,'JCP','3c7c6bf3-e8f2-40ec-b983-b8fe943f0bd5',2,30,_binary '','48467f60-e4b8-4bab-997e-aade9b48e219',NULL),('1cf45316-e753-4842-8726-f6dc29652194',NULL,'conditional-user-configured','master','bdcbc5f9-a629-4380-8f45-f5d9f27bfe0d',0,10,_binary '\0',NULL,NULL),('210421dc-b3f9-450c-a81c-062ba7f005fd',NULL,'auth-cookie','master','41a7dd1e-6512-49d1-9f8f-4aa15bf8bc21',2,10,_binary '\0',NULL,NULL),('22d9106b-d1c4-4662-988f-234bd9eccbbe',NULL,'auth-spnego','JCP','5a6b4aaf-9e77-40cb-b4ec-67f26ad4c45c',3,30,_binary '\0',NULL,NULL),('28779253-a094-490d-acd5-fd01cc868723',NULL,'basic-auth','JCP','5a6b4aaf-9e77-40cb-b4ec-67f26ad4c45c',0,10,_binary '\0',NULL,NULL),('2be4d579-bb81-455d-aff0-44c5ee9e51d2',NULL,'auth-spnego','JCP','3c7c6bf3-e8f2-40ec-b983-b8fe943f0bd5',3,20,_binary '\0',NULL,NULL),('2d297612-211f-47d5-83b5-d0e113a1d3dc',NULL,'registration-password-action','master','b5ff65fb-0c76-4dfd-bd1b-a561e95fe9ee',0,50,_binary '\0',NULL,NULL),('2ff8ec81-5b2e-4d8b-8915-0e79092d35f6',NULL,'client-secret-jwt','JCP','ebd73d27-3689-4b94-a952-9e088e27c901',2,30,_binary '\0',NULL,NULL),('3069bdaf-816c-4d14-b1a4-4383bb11d737',NULL,'conditional-user-configured','JCP','03a2f43e-53c7-4553-b197-ea92e1c9871d',0,10,_binary '\0',NULL,NULL),('352796a3-2497-4e92-a8cc-5f1fd8568719',NULL,NULL,'master','50161a19-4607-4ec1-8cfe-b8dd09fc4bb1',0,20,_binary '','53355c2f-051f-4137-9735-cc1c71903b18',NULL),('3601f0e5-633d-4a98-a100-74c0b84ef9a7',NULL,'reset-credentials-choose-user','master','5022d3fb-f47d-4e82-9253-435658f6478a',0,10,_binary '\0',NULL,NULL),('36c19245-54da-475e-80a4-a6b14fc8f2fb',NULL,'client-secret','master','d2f46f90-cc7e-46f3-9e2c-bdde5c5b010f',2,10,_binary '\0',NULL,NULL),('3a20e88b-462d-44ad-8e9f-86a3116a0a66',NULL,'client-secret','JCP','ebd73d27-3689-4b94-a952-9e088e27c901',2,10,_binary '\0',NULL,NULL),('3ac38f46-8b3a-4823-afa4-13a366236cfa',NULL,'http-basic-authenticator','JCP','e535ccce-9205-4593-9c83-df5d29e97059',0,10,_binary '\0',NULL,NULL),('3d731f99-d206-4753-91dc-9b2cb9c4dafd',NULL,'direct-grant-validate-otp','JCP','83c5bd51-181a-41a6-98c4-15ba2ec370a4',0,20,_binary '\0',NULL,NULL),('43a5d5e4-1703-4473-910b-35a43ff56f67',NULL,'reset-password','JCP','04b85656-32c3-4968-b919-9713712ec670',0,30,_binary '\0',NULL,NULL),('46530479-a674-4b06-9ad1-541037e69cc6',NULL,NULL,'JCP','febc2f40-60a5-452f-89a1-0cc3bf2508c0',2,20,_binary '','522d69a4-10a8-4176-b7e7-49abb3b2b16c',NULL),('46b61807-2441-4e43-b8cd-7a8d4378639a',NULL,'idp-confirm-link','master','50161a19-4607-4ec1-8cfe-b8dd09fc4bb1',0,10,_binary '\0',NULL,NULL),('4863a27f-5e52-4e36-b429-29f41f2b9933',NULL,'idp-email-verification','master','53355c2f-051f-4137-9735-cc1c71903b18',2,10,_binary '\0',NULL,NULL),('48da0de9-a21f-4fe2-a40f-4b74b09ae078',NULL,'registration-recaptcha-action','JCP','5169bf23-b546-4418-af34-596149102f01',3,60,_binary '\0',NULL,NULL),('4a169456-a154-4455-9bf0-bac13a20f1a2',NULL,'direct-grant-validate-username','JCP','815a58ed-7b72-473a-84d2-fd910b53bde9',0,10,_binary '\0',NULL,NULL),('4af71239-aeec-4226-abfc-b20e92356bb3',NULL,'registration-recaptcha-action','master','b5ff65fb-0c76-4dfd-bd1b-a561e95fe9ee',3,60,_binary '\0',NULL,NULL),('4bf7e2b3-ad5d-49fe-9778-2cb6d7fe62e7',NULL,'identity-provider-redirector','JCP','3c7c6bf3-e8f2-40ec-b983-b8fe943f0bd5',2,25,_binary '\0',NULL,NULL),('4d81498d-aee6-4e93-b245-15de688b45ec',NULL,'no-cookie-redirect','master','8ff4e0b8-580f-431e-acac-8ad298097359',0,10,_binary '\0',NULL,NULL),('50615451-6121-458a-bc83-571ec0d0772e',NULL,'auth-spnego','master','41a7dd1e-6512-49d1-9f8f-4aa15bf8bc21',3,20,_binary '\0',NULL,NULL),('540d565d-38fd-4d27-864a-209c782c313a',NULL,'reset-otp','JCP','03a2f43e-53c7-4553-b197-ea92e1c9871d',0,20,_binary '\0',NULL,NULL),('54cc2deb-457d-4e3c-b7de-a651224a8c23',NULL,NULL,'master','0d3e804b-fdb0-4543-9cf0-2b4ef3c961fd',1,30,_binary '','bdcbc5f9-a629-4380-8f45-f5d9f27bfe0d',NULL),('55e5aa00-8945-4cff-a9be-061b16d9ad30',NULL,'registration-page-form','master','dd3761ee-752a-4d35-b2ab-469ba80f0188',0,10,_binary '','b5ff65fb-0c76-4dfd-bd1b-a561e95fe9ee',NULL),('5cbadc42-4d59-484d-a4b3-ef733cc85c8d',NULL,'auth-username-password-form','JCP','48467f60-e4b8-4bab-997e-aade9b48e219',0,10,_binary '\0',NULL,NULL),('69cac0e7-e1b5-4b84-aa9b-e31818bd01e7',NULL,NULL,'master','8ff4e0b8-580f-431e-acac-8ad298097359',0,20,_binary '','fe63173c-f3a1-4064-9287-89796455b939',NULL),('6cad52c3-2b1e-41f1-accb-127d82480119',NULL,NULL,'JCP','04b85656-32c3-4968-b919-9713712ec670',1,40,_binary '','03a2f43e-53c7-4553-b197-ea92e1c9871d',NULL),('6e659f03-0718-4222-acbf-2154f0b50df3',NULL,'conditional-user-configured','master','e6e7c2ec-70bd-4d12-b1d7-564a8deaef1a',0,10,_binary '\0',NULL,NULL),('71105b50-836a-4558-9494-df78f168fbfb',NULL,'idp-username-password-form','JCP','910eda31-c20f-4bb8-a020-b6347aca5931',0,10,_binary '\0',NULL,NULL),('7405ead5-0c5d-470a-89e9-e6edec4d519b',NULL,NULL,'JCP','48467f60-e4b8-4bab-997e-aade9b48e219',1,20,_binary '','74d73456-4cbf-450a-9c24-aa9f4879a023',NULL),('7502dc50-3d15-430b-919f-1bb196d5dfb6',NULL,'idp-confirm-link','JCP','522d69a4-10a8-4176-b7e7-49abb3b2b16c',0,10,_binary '\0',NULL,NULL),('7906edbe-cb11-475a-b8e5-346a0afdadc0',NULL,'client-secret-jwt','master','d2f46f90-cc7e-46f3-9e2c-bdde5c5b010f',2,30,_binary '\0',NULL,NULL),('7b894e8a-d1cd-4227-8cd7-08487951d820',NULL,NULL,'JCP','815a58ed-7b72-473a-84d2-fd910b53bde9',1,30,_binary '','83c5bd51-181a-41a6-98c4-15ba2ec370a4',NULL),('7ba81d4d-20cf-4420-9249-497b70a81d28',NULL,'auth-cookie','JCP','3c7c6bf3-e8f2-40ec-b983-b8fe943f0bd5',2,10,_binary '\0',NULL,NULL),('7fb77931-9923-4503-8907-e5d36a75ae68',NULL,NULL,'JCP','706cc84c-28ed-47cb-be35-2201b1b72772',2,20,_binary '','910eda31-c20f-4bb8-a020-b6347aca5931',NULL),('8104eefa-0f84-4342-a638-64aa198046b8',NULL,'conditional-user-configured','JCP','83c5bd51-181a-41a6-98c4-15ba2ec370a4',0,10,_binary '\0',NULL,NULL),('841e37d5-59be-406e-8bcb-8379e1ea154e',NULL,'registration-user-creation','JCP','5169bf23-b546-4418-af34-596149102f01',0,20,_binary '\0',NULL,NULL),('84fd79a3-7f0e-487a-b9dc-71f7e117dafd',NULL,'auth-username-password-form','master','f384d4c5-db0a-406c-9fc8-85aaf2694897',0,10,_binary '\0',NULL,NULL),('89bde939-a827-471a-ad20-9868274c587b',NULL,NULL,'master','d3bc4d9e-8b3c-4541-ac60-260694eb06ac',1,20,_binary '','e6e7c2ec-70bd-4d12-b1d7-564a8deaef1a',NULL),('8cf860a7-9312-425c-ac9b-ba9301a44788',NULL,'direct-grant-validate-password','master','0d3e804b-fdb0-4543-9cf0-2b4ef3c961fd',0,20,_binary '\0',NULL,NULL),('902548c2-79f6-4b8e-9ea8-4ee60877d53b',NULL,'basic-auth-otp','JCP','5a6b4aaf-9e77-40cb-b4ec-67f26ad4c45c',3,20,_binary '\0',NULL,NULL),('905c76ae-83fd-4a0b-a848-a95263c588c1',NULL,'client-x509','JCP','ebd73d27-3689-4b94-a952-9e088e27c901',2,40,_binary '\0',NULL,NULL),('921465f4-acb3-4b0c-9634-037dc906054f',NULL,'registration-password-action','JCP','5169bf23-b546-4418-af34-596149102f01',0,50,_binary '\0',NULL,NULL),('92c63823-2a4d-4500-b1fa-f32b432d6576',NULL,NULL,'JCP','a5b1b1d4-f9fd-455a-889d-05cc812fc4cf',0,20,_binary '','febc2f40-60a5-452f-89a1-0cc3bf2508c0',NULL),('95b029e7-d3bb-4df3-988e-db74b43f2eb1',NULL,'idp-review-profile','master','e81cdc5d-f8a5-419b-b70e-c253157e6b57',0,10,_binary '\0',NULL,'c2fc3eb7-1fd5-4d0c-9dc2-0f33a90fab9e'),('9641494f-eebd-48b4-94d8-ef91e4d45c15',NULL,'direct-grant-validate-password','JCP','815a58ed-7b72-473a-84d2-fd910b53bde9',0,20,_binary '\0',NULL,NULL),('9bdae010-b7b4-4f1e-9cdf-c9a332bec738',NULL,'client-x509','master','d2f46f90-cc7e-46f3-9e2c-bdde5c5b010f',2,40,_binary '\0',NULL,NULL),('9d60fb3d-af34-4836-9902-565b8249f243',NULL,'auth-otp-form','master','e6e7c2ec-70bd-4d12-b1d7-564a8deaef1a',0,20,_binary '\0',NULL,NULL),('a27e5060-f7ea-4ed7-9412-db6b7c4acdcb',NULL,'registration-profile-action','master','b5ff65fb-0c76-4dfd-bd1b-a561e95fe9ee',0,40,_binary '\0',NULL,NULL),('a7720141-47fc-4b69-a1f8-dd4f90e38384',NULL,NULL,'JCP','522d69a4-10a8-4176-b7e7-49abb3b2b16c',0,20,_binary '','706cc84c-28ed-47cb-be35-2201b1b72772',NULL),('a834de99-6106-484a-9741-1f156317f542',NULL,'idp-create-user-if-unique','JCP','febc2f40-60a5-452f-89a1-0cc3bf2508c0',2,10,_binary '\0',NULL,'494e8d97-3e95-4a9f-8837-6609e620e57e'),('a86bff86-4b4e-4baa-8619-9885b25423eb',NULL,'idp-create-user-if-unique','master','b121d26d-e45e-4f16-8030-da6c19089ee8',2,10,_binary '\0',NULL,'66e42f0b-fbfe-4be6-a776-7bdf60e65667'),('b0d82a80-35a3-4370-91ee-004615653695',NULL,NULL,'JCP','65c50ad8-7fd8-46c4-ae6d-aa4fbd56d223',0,20,_binary '','5a6b4aaf-9e77-40cb-b4ec-67f26ad4c45c',NULL),('b12e631d-595e-4af5-853b-fbd6147da060',NULL,NULL,'master','53355c2f-051f-4137-9735-cc1c71903b18',2,20,_binary '','d3bc4d9e-8b3c-4541-ac60-260694eb06ac',NULL),('b47ee17b-4721-489c-8bb3-354277d7a01d',NULL,NULL,'master','e81cdc5d-f8a5-419b-b70e-c253157e6b57',0,20,_binary '','b121d26d-e45e-4f16-8030-da6c19089ee8',NULL),('b8b1ee81-69fa-4714-a96e-8fd648173f56',NULL,NULL,'master','f384d4c5-db0a-406c-9fc8-85aaf2694897',1,20,_binary '','b224473a-7a51-4925-abbd-35496fec29b7',NULL),('b9b59b66-cfbe-40ed-9c62-324138e89072',NULL,'auth-otp-form','master','b224473a-7a51-4925-abbd-35496fec29b7',0,20,_binary '\0',NULL,NULL),('b9e26592-8b4a-4abf-9087-f91a47ddef9d',NULL,'conditional-user-configured','JCP','2bdb576b-5f99-4689-a704-552a119b0a8b',0,10,_binary '\0',NULL,NULL),('bc5c9245-bffd-4398-853a-609acfceeca0',NULL,'conditional-user-configured','master','896f5cbd-3d69-4128-bd71-528273fd3f52',0,10,_binary '\0',NULL,NULL),('bff9ffff-2d11-45fa-8312-abb4cd37cd74',NULL,'idp-review-profile','JCP','a5b1b1d4-f9fd-455a-889d-05cc812fc4cf',0,10,_binary '\0',NULL,'45fc7ba0-3842-4147-b103-52407394b053'),('c0c3eae9-5d7f-4cb9-844d-d1ae0b228c9d',NULL,'no-cookie-redirect','JCP','65c50ad8-7fd8-46c4-ae6d-aa4fbd56d223',0,10,_binary '\0',NULL,NULL),('c0ccae67-68b6-452b-a31c-9869e6817800',NULL,'identity-provider-redirector','master','41a7dd1e-6512-49d1-9f8f-4aa15bf8bc21',2,25,_binary '\0',NULL,NULL),('c25f04c7-21a4-4399-84e8-c6dbd5a8e186',NULL,NULL,'master','b121d26d-e45e-4f16-8030-da6c19089ee8',2,20,_binary '','50161a19-4607-4ec1-8cfe-b8dd09fc4bb1',NULL),('cc89650b-4cd8-4bb3-ae76-703502b22ece',NULL,'conditional-user-configured','JCP','74d73456-4cbf-450a-9c24-aa9f4879a023',0,10,_binary '\0',NULL,NULL),('cd588085-d0f7-46e1-b92c-f94de76c691a',NULL,'basic-auth-otp','master','fe63173c-f3a1-4064-9287-89796455b939',3,20,_binary '\0',NULL,NULL),('d0683201-5a64-46c1-b355-337f4ba6ee54',NULL,'client-jwt','master','d2f46f90-cc7e-46f3-9e2c-bdde5c5b010f',2,20,_binary '\0',NULL,NULL),('d4418f92-0726-4185-b4c6-a4f0803ca386',NULL,'docker-http-basic-authenticator','master','57970f8c-cbb1-4048-85c7-ae110e0fc579',0,10,_binary '\0',NULL,NULL),('d595543f-d4e2-4162-9ed2-011b59e0ac42',NULL,'basic-auth','master','fe63173c-f3a1-4064-9287-89796455b939',0,10,_binary '\0',NULL,NULL),('d82722a9-83c1-435f-90d7-61d46bdc7b81',NULL,'auth-otp-form','JCP','2bdb576b-5f99-4689-a704-552a119b0a8b',0,20,_binary '\0',NULL,NULL),('d89457b2-70fd-47c0-a9c3-55354bcfc9f4',NULL,'reset-password','master','5022d3fb-f47d-4e82-9253-435658f6478a',0,30,_binary '\0',NULL,NULL),('db89e923-9b3f-4f6f-9641-01ef02e9d059',NULL,NULL,'JCP','910eda31-c20f-4bb8-a020-b6347aca5931',1,20,_binary '','2bdb576b-5f99-4689-a704-552a119b0a8b',NULL),('de1b4e6e-0597-4b94-b0d6-bc2c84d5f8fb',NULL,NULL,'master','41a7dd1e-6512-49d1-9f8f-4aa15bf8bc21',2,30,_binary '','f384d4c5-db0a-406c-9fc8-85aaf2694897',NULL),('df49941b-1ce5-4ee1-9cb7-c3b799bb82b4',NULL,'auth-otp-form','JCP','74d73456-4cbf-450a-9c24-aa9f4879a023',0,20,_binary '\0',NULL,NULL),('e40cd2c0-032b-4486-8ecc-29bdb560d7af',NULL,'auth-spnego','master','fe63173c-f3a1-4064-9287-89796455b939',3,30,_binary '\0',NULL,NULL),('e6762a32-7c9f-4873-8cc1-e9bd381c5ebb',NULL,'idp-email-verification','JCP','706cc84c-28ed-47cb-be35-2201b1b72772',2,10,_binary '\0',NULL,NULL),('e6c64c63-e934-4bc2-aba2-46d303aa98c7',NULL,'registration-profile-action','JCP','5169bf23-b546-4418-af34-596149102f01',0,40,_binary '\0',NULL,NULL),('ea89ae9a-14b3-4b5a-92ec-7dee0fcaa7be',NULL,'direct-grant-validate-otp','master','bdcbc5f9-a629-4380-8f45-f5d9f27bfe0d',0,20,_binary '\0',NULL,NULL),('ed46f6f3-f23d-4aa6-a41f-9ff8b7488bce',NULL,'http-basic-authenticator','master','42313a9d-54f7-4a78-a981-27e8540abe51',0,10,_binary '\0',NULL,NULL),('f22609fe-4c95-40fd-ba13-5ab95b0e8d27',NULL,'client-jwt','JCP','ebd73d27-3689-4b94-a952-9e088e27c901',2,20,_binary '\0',NULL,NULL),('f5a70138-46a2-4711-b366-c43ca290e295',NULL,'idp-username-password-form','master','d3bc4d9e-8b3c-4541-ac60-260694eb06ac',0,10,_binary '\0',NULL,NULL),('f6dfd116-69bf-474d-8281-4738466944e2',NULL,'reset-credential-email','master','5022d3fb-f47d-4e82-9253-435658f6478a',0,20,_binary '\0',NULL,NULL),('f71ca59c-8e24-42a2-a1d4-618e4e080b43',NULL,'direct-grant-validate-username','master','0d3e804b-fdb0-4543-9cf0-2b4ef3c961fd',0,10,_binary '\0',NULL,NULL),('faa81ebe-91bb-426e-b265-b4e01b7bf437',NULL,'docker-http-basic-authenticator','JCP','0693c233-c9ea-401f-84c9-782f6791955a',0,10,_binary '\0',NULL,NULL),('fb2d950e-f0c5-4fb9-8432-6e61825bb60e',NULL,NULL,'master','5022d3fb-f47d-4e82-9253-435658f6478a',1,40,_binary '','896f5cbd-3d69-4128-bd71-528273fd3f52',NULL),('ffec0fae-ab77-4074-b677-b39bd63dca51',NULL,'reset-credentials-choose-user','JCP','04b85656-32c3-4968-b919-9713712ec670',0,10,_binary '\0',NULL,NULL);
/*!40000 ALTER TABLE `AUTHENTICATION_EXECUTION` ENABLE KEYS */;
UNLOCK TABLES;

--
-- Dumping data for table `AUTHENTICATION_FLOW`
--

LOCK TABLES `AUTHENTICATION_FLOW` WRITE;
/*!40000 ALTER TABLE `AUTHENTICATION_FLOW` DISABLE KEYS */;
INSERT INTO `AUTHENTICATION_FLOW` VALUES ('03a2f43e-53c7-4553-b197-ea92e1c9871d','Reset - Conditional OTP','Flow to determine if the OTP should be reset or not. Set to REQUIRED to force.','JCP','basic-flow',_binary '\0',_binary ''),('04b85656-32c3-4968-b919-9713712ec670','reset credentials','Reset credentials for a user if they forgot their password or something','JCP','basic-flow',_binary '',_binary ''),('0693c233-c9ea-401f-84c9-782f6791955a','docker auth','Used by Docker clients to authenticate against the IDP','JCP','basic-flow',_binary '',_binary ''),('0d3e804b-fdb0-4543-9cf0-2b4ef3c961fd','direct grant','OpenID Connect Resource Owner Grant','master','basic-flow',_binary '',_binary ''),('2bdb576b-5f99-4689-a704-552a119b0a8b','First broker login - Conditional OTP','Flow to determine if the OTP is required for the authentication','JCP','basic-flow',_binary '\0',_binary ''),('3c7c6bf3-e8f2-40ec-b983-b8fe943f0bd5','browser','browser based authentication','JCP','basic-flow',_binary '',_binary ''),('41a7dd1e-6512-49d1-9f8f-4aa15bf8bc21','browser','browser based authentication','master','basic-flow',_binary '',_binary ''),('42313a9d-54f7-4a78-a981-27e8540abe51','saml ecp','SAML ECP Profile Authentication Flow','master','basic-flow',_binary '',_binary ''),('48467f60-e4b8-4bab-997e-aade9b48e219','forms','Username, password, otp and other auth forms.','JCP','basic-flow',_binary '\0',_binary ''),('50161a19-4607-4ec1-8cfe-b8dd09fc4bb1','Handle Existing Account','Handle what to do if there is existing account with same email/username like authenticated identity provider','master','basic-flow',_binary '\0',_binary ''),('5022d3fb-f47d-4e82-9253-435658f6478a','reset credentials','Reset credentials for a user if they forgot their password or something','master','basic-flow',_binary '',_binary ''),('5169bf23-b546-4418-af34-596149102f01','registration form','registration form','JCP','form-flow',_binary '\0',_binary ''),('522d69a4-10a8-4176-b7e7-49abb3b2b16c','Handle Existing Account','Handle what to do if there is existing account with same email/username like authenticated identity provider','JCP','basic-flow',_binary '\0',_binary ''),('53355c2f-051f-4137-9735-cc1c71903b18','Account verification options','Method with which to verity the existing account','master','basic-flow',_binary '\0',_binary ''),('53e2489e-5213-41bb-a391-3ea9c736239b','registration','registration flow','JCP','basic-flow',_binary '',_binary ''),('57970f8c-cbb1-4048-85c7-ae110e0fc579','docker auth','Used by Docker clients to authenticate against the IDP','master','basic-flow',_binary '',_binary ''),('5a6b4aaf-9e77-40cb-b4ec-67f26ad4c45c','Authentication Options','Authentication options.','JCP','basic-flow',_binary '\0',_binary ''),('65c50ad8-7fd8-46c4-ae6d-aa4fbd56d223','http challenge','An authentication flow based on challenge-response HTTP Authentication Schemes','JCP','basic-flow',_binary '',_binary ''),('706cc84c-28ed-47cb-be35-2201b1b72772','Account verification options','Method with which to verity the existing account','JCP','basic-flow',_binary '\0',_binary ''),('74d73456-4cbf-450a-9c24-aa9f4879a023','Browser - Conditional OTP','Flow to determine if the OTP is required for the authentication','JCP','basic-flow',_binary '\0',_binary ''),('815a58ed-7b72-473a-84d2-fd910b53bde9','direct grant','OpenID Connect Resource Owner Grant','JCP','basic-flow',_binary '',_binary ''),('83c5bd51-181a-41a6-98c4-15ba2ec370a4','Direct Grant - Conditional OTP','Flow to determine if the OTP is required for the authentication','JCP','basic-flow',_binary '\0',_binary ''),('896f5cbd-3d69-4128-bd71-528273fd3f52','Reset - Conditional OTP','Flow to determine if the OTP should be reset or not. Set to REQUIRED to force.','master','basic-flow',_binary '\0',_binary ''),('8ff4e0b8-580f-431e-acac-8ad298097359','http challenge','An authentication flow based on challenge-response HTTP Authentication Schemes','master','basic-flow',_binary '',_binary ''),('910eda31-c20f-4bb8-a020-b6347aca5931','Verify Existing Account by Re-authentication','Reauthentication of existing account','JCP','basic-flow',_binary '\0',_binary ''),('a5b1b1d4-f9fd-455a-889d-05cc812fc4cf','first broker login','Actions taken after first broker login with identity provider account, which is not yet linked to any Keycloak account','JCP','basic-flow',_binary '',_binary ''),('b121d26d-e45e-4f16-8030-da6c19089ee8','User creation or linking','Flow for the existing/non-existing user alternatives','master','basic-flow',_binary '\0',_binary ''),('b224473a-7a51-4925-abbd-35496fec29b7','Browser - Conditional OTP','Flow to determine if the OTP is required for the authentication','master','basic-flow',_binary '\0',_binary ''),('b5ff65fb-0c76-4dfd-bd1b-a561e95fe9ee','registration form','registration form','master','form-flow',_binary '\0',_binary ''),('bdcbc5f9-a629-4380-8f45-f5d9f27bfe0d','Direct Grant - Conditional OTP','Flow to determine if the OTP is required for the authentication','master','basic-flow',_binary '\0',_binary ''),('d2f46f90-cc7e-46f3-9e2c-bdde5c5b010f','clients','Base authentication for clients','master','client-flow',_binary '',_binary ''),('d3bc4d9e-8b3c-4541-ac60-260694eb06ac','Verify Existing Account by Re-authentication','Reauthentication of existing account','master','basic-flow',_binary '\0',_binary ''),('dd3761ee-752a-4d35-b2ab-469ba80f0188','registration','registration flow','master','basic-flow',_binary '',_binary ''),('e535ccce-9205-4593-9c83-df5d29e97059','saml ecp','SAML ECP Profile Authentication Flow','JCP','basic-flow',_binary '',_binary ''),('e6e7c2ec-70bd-4d12-b1d7-564a8deaef1a','First broker login - Conditional OTP','Flow to determine if the OTP is required for the authentication','master','basic-flow',_binary '\0',_binary ''),('e81cdc5d-f8a5-419b-b70e-c253157e6b57','first broker login','Actions taken after first broker login with identity provider account, which is not yet linked to any Keycloak account','master','basic-flow',_binary '',_binary ''),('ebd73d27-3689-4b94-a952-9e088e27c901','clients','Base authentication for clients','JCP','client-flow',_binary '',_binary ''),('f384d4c5-db0a-406c-9fc8-85aaf2694897','forms','Username, password, otp and other auth forms.','master','basic-flow',_binary '\0',_binary ''),('fe63173c-f3a1-4064-9287-89796455b939','Authentication Options','Authentication options.','master','basic-flow',_binary '\0',_binary ''),('febc2f40-60a5-452f-89a1-0cc3bf2508c0','User creation or linking','Flow for the existing/non-existing user alternatives','JCP','basic-flow',_binary '\0',_binary '');
/*!40000 ALTER TABLE `AUTHENTICATION_FLOW` ENABLE KEYS */;
UNLOCK TABLES;

--
-- Dumping data for table `AUTHENTICATOR_CONFIG`
--

LOCK TABLES `AUTHENTICATOR_CONFIG` WRITE;
/*!40000 ALTER TABLE `AUTHENTICATOR_CONFIG` DISABLE KEYS */;
INSERT INTO `AUTHENTICATOR_CONFIG` VALUES ('45fc7ba0-3842-4147-b103-52407394b053','review profile config','JCP'),('494e8d97-3e95-4a9f-8837-6609e620e57e','create unique user config','JCP'),('66e42f0b-fbfe-4be6-a776-7bdf60e65667','create unique user config','master'),('c2fc3eb7-1fd5-4d0c-9dc2-0f33a90fab9e','review profile config','master');
/*!40000 ALTER TABLE `AUTHENTICATOR_CONFIG` ENABLE KEYS */;
UNLOCK TABLES;

--
-- Dumping data for table `AUTHENTICATOR_CONFIG_ENTRY`
--

LOCK TABLES `AUTHENTICATOR_CONFIG_ENTRY` WRITE;
/*!40000 ALTER TABLE `AUTHENTICATOR_CONFIG_ENTRY` DISABLE KEYS */;
INSERT INTO `AUTHENTICATOR_CONFIG_ENTRY` VALUES ('45fc7ba0-3842-4147-b103-52407394b053','missing','update.profile.on.first.login'),('494e8d97-3e95-4a9f-8837-6609e620e57e','false','require.password.update.after.registration'),('66e42f0b-fbfe-4be6-a776-7bdf60e65667','false','require.password.update.after.registration'),('c2fc3eb7-1fd5-4d0c-9dc2-0f33a90fab9e','missing','update.profile.on.first.login');
/*!40000 ALTER TABLE `AUTHENTICATOR_CONFIG_ENTRY` ENABLE KEYS */;
UNLOCK TABLES;

--
-- Dumping data for table `BROKER_LINK`
--

LOCK TABLES `BROKER_LINK` WRITE;
/*!40000 ALTER TABLE `BROKER_LINK` DISABLE KEYS */;
/*!40000 ALTER TABLE `BROKER_LINK` ENABLE KEYS */;
UNLOCK TABLES;

--
-- Dumping data for table `CLIENT`
--

LOCK TABLES `CLIENT` WRITE;
/*!40000 ALTER TABLE `CLIENT` DISABLE KEYS */;
INSERT INTO `CLIENT` VALUES ('0f5346de-6194-49d8-92e0-7e69f25d11b2',_binary '',_binary '','test-client-swagger',0,_binary '\0','cf319f62-5275-4092-b346-65448535748d','https://localhost:9001/swagger-ui.html',_binary '\0','https://localhost:9001',_binary '\0','JCP','openid-connect',-1,_binary '\0',_binary '\0','Swagger UI (Test)',_binary '\0','client-secret','https://localhost:9001','Client used by Swagger UI to access all APIs (All roles) using Implicit auth flow (the only onw supported by Swagger).',NULL,_binary '\0',_binary '',_binary '\0',_binary '\0'),('160d7294-ed23-4c0d-bed4-14727162d0e9',_binary '',_binary '','test-client-api',0,_binary '\0','20e3f807-f2f8-427d-a048-2462c63bac7f',NULL,_binary '\0','https://localhost:9001',_binary '\0','JCP','openid-connect',-1,_binary '\0',_binary '\0','Test api client',_binary '','client-secret','https://localhost:9001',NULL,NULL,_binary '\0',_binary '\0',_binary '\0',_binary '\0'),('26279715-4c82-41b0-bd5f-9493f94c1eb3',_binary '',_binary '\0','realm-management',0,_binary '\0','dd2a10de-82f4-471f-9913-6fcda6091bdb',NULL,_binary '',NULL,_binary '\0','JCP','openid-connect',0,_binary '\0',_binary '\0','${client_realm-management}',_binary '\0','client-secret',NULL,NULL,NULL,_binary '',_binary '\0',_binary '\0',_binary '\0'),('3564bc5d-4650-4265-ab07-ab107580c915',_binary '',_binary '','test-client-obj',0,_binary '\0','2d1f9b96-70d3-443b-b21b-08a401ddc16c',NULL,_binary '\0','https://localhost:9001',_binary '\0','JCP','openid-connect',-1,_binary '\0',_binary '\0','Test object client',_binary '','client-secret','https://localhost:9001',NULL,NULL,_binary '\0',_binary '\0',_binary '\0',_binary '\0'),('3aa884c4-dffd-498c-8056-6f75e1eb953a',_binary '',_binary '\0','security-admin-console',0,_binary '','8983b16f-1a4e-4cc7-adc5-434e27d84950','/admin/jcp/console/',_binary '\0',NULL,_binary '\0','JCP','openid-connect',0,_binary '\0',_binary '\0','${client_security-admin-console}',_binary '\0','client-secret','${authAdminUrl}',NULL,NULL,_binary '',_binary '\0',_binary '\0',_binary '\0'),('41b8ef05-ac2a-4cf2-b710-1107b21ef56f',_binary '',_binary '\0','security-admin-console',0,_binary '','4bafd5ed-1c3a-48c5-a735-15ad7bf43b36','/admin/master/console/',_binary '\0',NULL,_binary '\0','master','openid-connect',0,_binary '\0',_binary '\0','${client_security-admin-console}',_binary '\0','client-secret','${authAdminUrl}',NULL,NULL,_binary '',_binary '\0',_binary '\0',_binary '\0'),('42998bbf-4b42-442d-9e74-c913694fd655',_binary '',_binary '\0','broker',0,_binary '\0','7d25efd2-83ab-42ca-b71a-bea0aadd2652',NULL,_binary '\0',NULL,_binary '\0','JCP','openid-connect',0,_binary '\0',_binary '\0','${client_broker}',_binary '\0','client-secret',NULL,NULL,NULL,_binary '',_binary '\0',_binary '\0',_binary '\0'),('52f9725a-de85-48db-8218-972f375d55fe',_binary '',_binary '\0','admin-cli',0,_binary '','43e69f9d-b9f2-4d27-ab28-5946bd7bf97d',NULL,_binary '\0',NULL,_binary '\0','JCP','openid-connect',0,_binary '\0',_binary '\0','${client_admin-cli}',_binary '\0','client-secret',NULL,NULL,NULL,_binary '\0',_binary '\0',_binary '',_binary '\0'),('668cefc1-9844-43a3-bad2-00a21e312aed',_binary '',_binary '\0','account-console',0,_binary '','dc3a0c53-126f-4702-9dc5-7fa3f872887e','/realms/JCP/account/',_binary '\0',NULL,_binary '\0','JCP','openid-connect',0,_binary '\0',_binary '\0','${client_account-console}',_binary '\0','client-secret','${authBaseUrl}',NULL,NULL,_binary '',_binary '\0',_binary '\0',_binary '\0'),('79e472b0-e562-4535-a516-db7d7696a447',_binary '',_binary '','test-client-srv',0,_binary '\0','88bc8baf-c924-42b9-b691-b2d7c5cec696',NULL,_binary '\0','https://localhost:9001',_binary '\0','JCP','openid-connect',-1,_binary '\0',_binary '\0','Test service client',_binary '\0','client-secret','https://localhost:9001',NULL,NULL,_binary '',_binary '\0',_binary '\0',_binary '\0'),('8a3705bf-a20c-47ca-b338-18facc3731fb',_binary '',_binary '\0','admin-cli',0,_binary '','53d5d2e2-0a8b-45ee-8b73-b7fc912ea454',NULL,_binary '\0',NULL,_binary '\0','master','openid-connect',0,_binary '\0',_binary '\0','${client_admin-cli}',_binary '\0','client-secret',NULL,NULL,NULL,_binary '\0',_binary '\0',_binary '',_binary '\0'),('979cf196-5dde-4f21-89cb-116b0699e912',_binary '',_binary '\0','broker',0,_binary '\0','e999cfbb-d032-4771-b9ae-39cccd69bbe3',NULL,_binary '\0',NULL,_binary '\0','master','openid-connect',0,_binary '\0',_binary '\0','${client_broker}',_binary '\0','client-secret',NULL,NULL,NULL,_binary '',_binary '\0',_binary '\0',_binary '\0'),('9b57c777-220f-4c9e-b770-9d7fb670c72e',_binary '',_binary '','master-realm',0,_binary '\0','2c727949-8f12-448e-b9c9-8604f1496bff',NULL,_binary '',NULL,_binary '\0','master',NULL,0,_binary '\0',_binary '\0','master Realm',_binary '\0','client-secret',NULL,NULL,NULL,_binary '',_binary '\0',_binary '\0',_binary '\0'),('b35aaa9d-012a-4a89-ae41-1662dad499c9',_binary '',_binary '','jcp-realm',0,_binary '\0','9b6ab21a-a195-4a95-92d7-ae0b960ad4ea',NULL,_binary '',NULL,_binary '\0','master',NULL,0,_binary '\0',_binary '\0','JCP Realm',_binary '\0','client-secret',NULL,NULL,NULL,_binary '',_binary '\0',_binary '\0',_binary '\0'),('ba0fd594-b3c1-41ef-b46b-2b7a09220353',_binary '',_binary '\0','account',0,_binary '\0','9526c167-3dd5-4157-8443-ca3b2b29b881','/realms/master/account/',_binary '\0',NULL,_binary '\0','master','openid-connect',0,_binary '\0',_binary '\0','${client_account}',_binary '\0','client-secret','${authBaseUrl}',NULL,NULL,_binary '',_binary '\0',_binary '\0',_binary '\0'),('d17936ea-07bf-4c15-8782-5d59451d39f9',_binary '',_binary '\0','account',0,_binary '\0','ad0b902f-8865-4d8f-9cdf-ccdbbaec12a1','/realms/jcp/account/',_binary '\0',NULL,_binary '\0','JCP','openid-connect',0,_binary '\0',_binary '\0','${client_account}',_binary '\0','client-secret','${authBaseUrl}',NULL,NULL,_binary '',_binary '\0',_binary '\0',_binary '\0'),('d675fd4d-220d-4aa3-ba53-7e1de594e67d',_binary '',_binary '\0','account-console',0,_binary '','9719ee33-6bc3-4e60-818b-3290cfe3ca38','/realms/master/account/',_binary '\0',NULL,_binary '\0','master','openid-connect',0,_binary '\0',_binary '\0','${client_account-console}',_binary '\0','client-secret','${authBaseUrl}',NULL,NULL,_binary '',_binary '\0',_binary '\0',_binary '\0');
/*!40000 ALTER TABLE `CLIENT` ENABLE KEYS */;
UNLOCK TABLES;

--
-- Dumping data for table `CLIENT_ATTRIBUTES`
--

LOCK TABLES `CLIENT_ATTRIBUTES` WRITE;
/*!40000 ALTER TABLE `CLIENT_ATTRIBUTES` DISABLE KEYS */;
INSERT INTO `CLIENT_ATTRIBUTES` VALUES ('0f5346de-6194-49d8-92e0-7e69f25d11b2','false','display.on.consent.screen'),('0f5346de-6194-49d8-92e0-7e69f25d11b2','false','exclude.session.state.from.auth.response'),('0f5346de-6194-49d8-92e0-7e69f25d11b2','false','saml.assertion.signature'),('0f5346de-6194-49d8-92e0-7e69f25d11b2','false','saml.authnstatement'),('0f5346de-6194-49d8-92e0-7e69f25d11b2','false','saml.client.signature'),('0f5346de-6194-49d8-92e0-7e69f25d11b2','false','saml.encrypt'),('0f5346de-6194-49d8-92e0-7e69f25d11b2','false','saml.force.post.binding'),('0f5346de-6194-49d8-92e0-7e69f25d11b2','false','saml.multivalued.roles'),('0f5346de-6194-49d8-92e0-7e69f25d11b2','false','saml.onetimeuse.condition'),('0f5346de-6194-49d8-92e0-7e69f25d11b2','false','saml.server.signature'),('0f5346de-6194-49d8-92e0-7e69f25d11b2','false','saml.server.signature.keyinfo.ext'),('0f5346de-6194-49d8-92e0-7e69f25d11b2','false','saml_force_name_id_format'),('0f5346de-6194-49d8-92e0-7e69f25d11b2','false','tls.client.certificate.bound.access.tokens'),('160d7294-ed23-4c0d-bed4-14727162d0e9','false','display.on.consent.screen'),('160d7294-ed23-4c0d-bed4-14727162d0e9','false','exclude.session.state.from.auth.response'),('160d7294-ed23-4c0d-bed4-14727162d0e9','false','saml.assertion.signature'),('160d7294-ed23-4c0d-bed4-14727162d0e9','false','saml.authnstatement'),('160d7294-ed23-4c0d-bed4-14727162d0e9','false','saml.client.signature'),('160d7294-ed23-4c0d-bed4-14727162d0e9','false','saml.encrypt'),('160d7294-ed23-4c0d-bed4-14727162d0e9','false','saml.force.post.binding'),('160d7294-ed23-4c0d-bed4-14727162d0e9','false','saml.multivalued.roles'),('160d7294-ed23-4c0d-bed4-14727162d0e9','false','saml.onetimeuse.condition'),('160d7294-ed23-4c0d-bed4-14727162d0e9','false','saml.server.signature'),('160d7294-ed23-4c0d-bed4-14727162d0e9','false','saml.server.signature.keyinfo.ext'),('160d7294-ed23-4c0d-bed4-14727162d0e9','false','saml_force_name_id_format'),('160d7294-ed23-4c0d-bed4-14727162d0e9','false','tls.client.certificate.bound.access.tokens'),('3564bc5d-4650-4265-ab07-ab107580c915','false','display.on.consent.screen'),('3564bc5d-4650-4265-ab07-ab107580c915','false','exclude.session.state.from.auth.response'),('3564bc5d-4650-4265-ab07-ab107580c915','false','saml.assertion.signature'),('3564bc5d-4650-4265-ab07-ab107580c915','false','saml.authnstatement'),('3564bc5d-4650-4265-ab07-ab107580c915','false','saml.client.signature'),('3564bc5d-4650-4265-ab07-ab107580c915','false','saml.encrypt'),('3564bc5d-4650-4265-ab07-ab107580c915','false','saml.force.post.binding'),('3564bc5d-4650-4265-ab07-ab107580c915','false','saml.multivalued.roles'),('3564bc5d-4650-4265-ab07-ab107580c915','false','saml.onetimeuse.condition'),('3564bc5d-4650-4265-ab07-ab107580c915','false','saml.server.signature'),('3564bc5d-4650-4265-ab07-ab107580c915','false','saml.server.signature.keyinfo.ext'),('3564bc5d-4650-4265-ab07-ab107580c915','false','saml_force_name_id_format'),('3564bc5d-4650-4265-ab07-ab107580c915','false','tls.client.certificate.bound.access.tokens'),('3aa884c4-dffd-498c-8056-6f75e1eb953a','S256','pkce.code.challenge.method'),('41b8ef05-ac2a-4cf2-b710-1107b21ef56f','S256','pkce.code.challenge.method'),('668cefc1-9844-43a3-bad2-00a21e312aed','S256','pkce.code.challenge.method'),('79e472b0-e562-4535-a516-db7d7696a447','false','display.on.consent.screen'),('79e472b0-e562-4535-a516-db7d7696a447','false','exclude.session.state.from.auth.response'),('79e472b0-e562-4535-a516-db7d7696a447','false','saml.assertion.signature'),('79e472b0-e562-4535-a516-db7d7696a447','false','saml.authnstatement'),('79e472b0-e562-4535-a516-db7d7696a447','false','saml.client.signature'),('79e472b0-e562-4535-a516-db7d7696a447','false','saml.encrypt'),('79e472b0-e562-4535-a516-db7d7696a447','false','saml.force.post.binding'),('79e472b0-e562-4535-a516-db7d7696a447','false','saml.multivalued.roles'),('79e472b0-e562-4535-a516-db7d7696a447','false','saml.onetimeuse.condition'),('79e472b0-e562-4535-a516-db7d7696a447','false','saml.server.signature'),('79e472b0-e562-4535-a516-db7d7696a447','false','saml.server.signature.keyinfo.ext'),('79e472b0-e562-4535-a516-db7d7696a447','false','saml_force_name_id_format'),('79e472b0-e562-4535-a516-db7d7696a447','false','tls.client.certificate.bound.access.tokens'),('d675fd4d-220d-4aa3-ba53-7e1de594e67d','S256','pkce.code.challenge.method');
/*!40000 ALTER TABLE `CLIENT_ATTRIBUTES` ENABLE KEYS */;
UNLOCK TABLES;

--
-- Dumping data for table `CLIENT_AUTH_FLOW_BINDINGS`
--

LOCK TABLES `CLIENT_AUTH_FLOW_BINDINGS` WRITE;
/*!40000 ALTER TABLE `CLIENT_AUTH_FLOW_BINDINGS` DISABLE KEYS */;
/*!40000 ALTER TABLE `CLIENT_AUTH_FLOW_BINDINGS` ENABLE KEYS */;
UNLOCK TABLES;

--
-- Dumping data for table `CLIENT_DEFAULT_ROLES`
--

LOCK TABLES `CLIENT_DEFAULT_ROLES` WRITE;
/*!40000 ALTER TABLE `CLIENT_DEFAULT_ROLES` DISABLE KEYS */;
INSERT INTO `CLIENT_DEFAULT_ROLES` VALUES ('ba0fd594-b3c1-41ef-b46b-2b7a09220353','9afbf3a3-bf46-4c5c-aa34-608a694100a0'),('ba0fd594-b3c1-41ef-b46b-2b7a09220353','9b257075-9f5e-4485-9b84-abcf4efd1d8f'),('d17936ea-07bf-4c15-8782-5d59451d39f9','f66031c1-bbfc-4770-987c-e9fe2af07f9c'),('d17936ea-07bf-4c15-8782-5d59451d39f9','f87d3271-627e-4963-bb96-6ed2bda3ee89');
/*!40000 ALTER TABLE `CLIENT_DEFAULT_ROLES` ENABLE KEYS */;
UNLOCK TABLES;

--
-- Dumping data for table `CLIENT_INITIAL_ACCESS`
--

LOCK TABLES `CLIENT_INITIAL_ACCESS` WRITE;
/*!40000 ALTER TABLE `CLIENT_INITIAL_ACCESS` DISABLE KEYS */;
/*!40000 ALTER TABLE `CLIENT_INITIAL_ACCESS` ENABLE KEYS */;
UNLOCK TABLES;

--
-- Dumping data for table `CLIENT_NODE_REGISTRATIONS`
--

LOCK TABLES `CLIENT_NODE_REGISTRATIONS` WRITE;
/*!40000 ALTER TABLE `CLIENT_NODE_REGISTRATIONS` DISABLE KEYS */;
/*!40000 ALTER TABLE `CLIENT_NODE_REGISTRATIONS` ENABLE KEYS */;
UNLOCK TABLES;

--
-- Dumping data for table `CLIENT_SCOPE`
--

LOCK TABLES `CLIENT_SCOPE` WRITE;
/*!40000 ALTER TABLE `CLIENT_SCOPE` DISABLE KEYS */;
INSERT INTO `CLIENT_SCOPE` VALUES ('21680b15-9b9e-4c4c-b1a5-a04a663c0b48','phone','master','OpenID Connect built-in scope: phone','openid-connect'),('2e46e47f-38ee-4155-b1c8-d4d1680cf903','roles','master','OpenID Connect scope for add user roles to the access token','openid-connect'),('2f82c51b-1aae-4be3-b307-58ec1283e197','microprofile-jwt','JCP','Microprofile - JWT built-in scope','openid-connect'),('36d55e21-bcc4-4ee9-9e67-ab0fc0f190cd','profile','JCP','OpenID Connect built-in scope: profile','openid-connect'),('44fcb7fc-1311-4d67-84a1-b030aabc8381','web-origins','JCP','OpenID Connect scope for add allowed web origins to the access token','openid-connect'),('53985e8e-43fe-45f5-8a14-8a29c07d786b','email','master','OpenID Connect built-in scope: email','openid-connect'),('635da59e-1468-4c0a-a35b-e4816b236997','web-origins','master','OpenID Connect scope for add allowed web origins to the access token','openid-connect'),('685436ea-8562-4bce-a53d-48e98d30249e','roles','JCP','OpenID Connect scope for add user roles to the access token','openid-connect'),('6d67529f-c43f-489c-90d6-ec1d79b5def0','microprofile-jwt','master','Microprofile - JWT built-in scope','openid-connect'),('7da4ef2e-c424-449f-9b4d-b8ac3f7b37ad','address','JCP','OpenID Connect built-in scope: address','openid-connect'),('95bf4c39-e89d-4890-aa7a-2a09eca491ad','address','master','OpenID Connect built-in scope: address','openid-connect'),('a1164573-3cac-4dd0-9487-4c02601b5140','profile','master','OpenID Connect built-in scope: profile','openid-connect'),('a12673c4-64cd-450e-adf0-dfd96d4ad5a6','email','JCP','OpenID Connect built-in scope: email','openid-connect'),('cd263575-b953-4d7e-b2b4-d890e3d9d64b','role_list','master','SAML role list','saml'),('dad3a98f-3a49-4184-87a7-652ece9b2eb4','offline_access','JCP','OpenID Connect built-in scope: offline_access','openid-connect'),('db97416d-73d3-4535-bc2f-6bcd60bb3182','role_list','JCP','SAML role list','saml'),('dbbb3193-8442-4aa3-aeec-be8e6d812e41','offline_access','master','OpenID Connect built-in scope: offline_access','openid-connect'),('e86d2fcf-e398-4282-b81e-6dde3996c1de','phone','JCP','OpenID Connect built-in scope: phone','openid-connect');
/*!40000 ALTER TABLE `CLIENT_SCOPE` ENABLE KEYS */;
UNLOCK TABLES;

--
-- Dumping data for table `CLIENT_SCOPE_ATTRIBUTES`
--

LOCK TABLES `CLIENT_SCOPE_ATTRIBUTES` WRITE;
/*!40000 ALTER TABLE `CLIENT_SCOPE_ATTRIBUTES` DISABLE KEYS */;
INSERT INTO `CLIENT_SCOPE_ATTRIBUTES` VALUES ('21680b15-9b9e-4c4c-b1a5-a04a663c0b48','${phoneScopeConsentText}','consent.screen.text'),('21680b15-9b9e-4c4c-b1a5-a04a663c0b48','true','display.on.consent.screen'),('21680b15-9b9e-4c4c-b1a5-a04a663c0b48','true','include.in.token.scope'),('2e46e47f-38ee-4155-b1c8-d4d1680cf903','${rolesScopeConsentText}','consent.screen.text'),('2e46e47f-38ee-4155-b1c8-d4d1680cf903','true','display.on.consent.screen'),('2e46e47f-38ee-4155-b1c8-d4d1680cf903','false','include.in.token.scope'),('2f82c51b-1aae-4be3-b307-58ec1283e197','false','display.on.consent.screen'),('2f82c51b-1aae-4be3-b307-58ec1283e197','true','include.in.token.scope'),('36d55e21-bcc4-4ee9-9e67-ab0fc0f190cd','${profileScopeConsentText}','consent.screen.text'),('36d55e21-bcc4-4ee9-9e67-ab0fc0f190cd','true','display.on.consent.screen'),('36d55e21-bcc4-4ee9-9e67-ab0fc0f190cd','2','gui.order'),('36d55e21-bcc4-4ee9-9e67-ab0fc0f190cd','true','include.in.token.scope'),('44fcb7fc-1311-4d67-84a1-b030aabc8381','','consent.screen.text'),('44fcb7fc-1311-4d67-84a1-b030aabc8381','false','display.on.consent.screen'),('44fcb7fc-1311-4d67-84a1-b030aabc8381','false','include.in.token.scope'),('53985e8e-43fe-45f5-8a14-8a29c07d786b','${emailScopeConsentText}','consent.screen.text'),('53985e8e-43fe-45f5-8a14-8a29c07d786b','true','display.on.consent.screen'),('53985e8e-43fe-45f5-8a14-8a29c07d786b','true','include.in.token.scope'),('635da59e-1468-4c0a-a35b-e4816b236997','','consent.screen.text'),('635da59e-1468-4c0a-a35b-e4816b236997','false','display.on.consent.screen'),('635da59e-1468-4c0a-a35b-e4816b236997','false','include.in.token.scope'),('685436ea-8562-4bce-a53d-48e98d30249e','${rolesScopeConsentText}','consent.screen.text'),('685436ea-8562-4bce-a53d-48e98d30249e','false','display.on.consent.screen'),('685436ea-8562-4bce-a53d-48e98d30249e','true','include.in.token.scope'),('6d67529f-c43f-489c-90d6-ec1d79b5def0','false','display.on.consent.screen'),('6d67529f-c43f-489c-90d6-ec1d79b5def0','true','include.in.token.scope'),('7da4ef2e-c424-449f-9b4d-b8ac3f7b37ad','${addressScopeConsentText}','consent.screen.text'),('7da4ef2e-c424-449f-9b4d-b8ac3f7b37ad','true','display.on.consent.screen'),('7da4ef2e-c424-449f-9b4d-b8ac3f7b37ad','','gui.order'),('7da4ef2e-c424-449f-9b4d-b8ac3f7b37ad','true','include.in.token.scope'),('95bf4c39-e89d-4890-aa7a-2a09eca491ad','${addressScopeConsentText}','consent.screen.text'),('95bf4c39-e89d-4890-aa7a-2a09eca491ad','true','display.on.consent.screen'),('95bf4c39-e89d-4890-aa7a-2a09eca491ad','true','include.in.token.scope'),('a1164573-3cac-4dd0-9487-4c02601b5140','${profileScopeConsentText}','consent.screen.text'),('a1164573-3cac-4dd0-9487-4c02601b5140','true','display.on.consent.screen'),('a1164573-3cac-4dd0-9487-4c02601b5140','true','include.in.token.scope'),('a12673c4-64cd-450e-adf0-dfd96d4ad5a6','${emailScopeConsentText}','consent.screen.text'),('a12673c4-64cd-450e-adf0-dfd96d4ad5a6','true','display.on.consent.screen'),('a12673c4-64cd-450e-adf0-dfd96d4ad5a6','1','gui.order'),('a12673c4-64cd-450e-adf0-dfd96d4ad5a6','true','include.in.token.scope'),('cd263575-b953-4d7e-b2b4-d890e3d9d64b','${samlRoleListScopeConsentText}','consent.screen.text'),('cd263575-b953-4d7e-b2b4-d890e3d9d64b','true','display.on.consent.screen'),('dad3a98f-3a49-4184-87a7-652ece9b2eb4','${offlineAccessScopeConsentText}','consent.screen.text'),('dad3a98f-3a49-4184-87a7-652ece9b2eb4','true','display.on.consent.screen'),('db97416d-73d3-4535-bc2f-6bcd60bb3182','${samlRoleListScopeConsentText}','consent.screen.text'),('db97416d-73d3-4535-bc2f-6bcd60bb3182','true','display.on.consent.screen'),('dbbb3193-8442-4aa3-aeec-be8e6d812e41','${offlineAccessScopeConsentText}','consent.screen.text'),('dbbb3193-8442-4aa3-aeec-be8e6d812e41','true','display.on.consent.screen'),('e86d2fcf-e398-4282-b81e-6dde3996c1de','${phoneScopeConsentText}','consent.screen.text'),('e86d2fcf-e398-4282-b81e-6dde3996c1de','true','display.on.consent.screen'),('e86d2fcf-e398-4282-b81e-6dde3996c1de','true','include.in.token.scope');
/*!40000 ALTER TABLE `CLIENT_SCOPE_ATTRIBUTES` ENABLE KEYS */;
UNLOCK TABLES;

--
-- Dumping data for table `CLIENT_SCOPE_CLIENT`
--

LOCK TABLES `CLIENT_SCOPE_CLIENT` WRITE;
/*!40000 ALTER TABLE `CLIENT_SCOPE_CLIENT` DISABLE KEYS */;
INSERT INTO `CLIENT_SCOPE_CLIENT` VALUES ('0f5346de-6194-49d8-92e0-7e69f25d11b2','2f82c51b-1aae-4be3-b307-58ec1283e197',_binary '\0'),('0f5346de-6194-49d8-92e0-7e69f25d11b2','36d55e21-bcc4-4ee9-9e67-ab0fc0f190cd',_binary ''),('0f5346de-6194-49d8-92e0-7e69f25d11b2','44fcb7fc-1311-4d67-84a1-b030aabc8381',_binary ''),('0f5346de-6194-49d8-92e0-7e69f25d11b2','685436ea-8562-4bce-a53d-48e98d30249e',_binary ''),('0f5346de-6194-49d8-92e0-7e69f25d11b2','7da4ef2e-c424-449f-9b4d-b8ac3f7b37ad',_binary '\0'),('0f5346de-6194-49d8-92e0-7e69f25d11b2','a12673c4-64cd-450e-adf0-dfd96d4ad5a6',_binary ''),('0f5346de-6194-49d8-92e0-7e69f25d11b2','dad3a98f-3a49-4184-87a7-652ece9b2eb4',_binary '\0'),('0f5346de-6194-49d8-92e0-7e69f25d11b2','db97416d-73d3-4535-bc2f-6bcd60bb3182',_binary ''),('0f5346de-6194-49d8-92e0-7e69f25d11b2','e86d2fcf-e398-4282-b81e-6dde3996c1de',_binary '\0'),('160d7294-ed23-4c0d-bed4-14727162d0e9','2f82c51b-1aae-4be3-b307-58ec1283e197',_binary '\0'),('160d7294-ed23-4c0d-bed4-14727162d0e9','36d55e21-bcc4-4ee9-9e67-ab0fc0f190cd',_binary ''),('160d7294-ed23-4c0d-bed4-14727162d0e9','44fcb7fc-1311-4d67-84a1-b030aabc8381',_binary ''),('160d7294-ed23-4c0d-bed4-14727162d0e9','685436ea-8562-4bce-a53d-48e98d30249e',_binary ''),('160d7294-ed23-4c0d-bed4-14727162d0e9','7da4ef2e-c424-449f-9b4d-b8ac3f7b37ad',_binary '\0'),('160d7294-ed23-4c0d-bed4-14727162d0e9','a12673c4-64cd-450e-adf0-dfd96d4ad5a6',_binary ''),('160d7294-ed23-4c0d-bed4-14727162d0e9','dad3a98f-3a49-4184-87a7-652ece9b2eb4',_binary '\0'),('160d7294-ed23-4c0d-bed4-14727162d0e9','db97416d-73d3-4535-bc2f-6bcd60bb3182',_binary ''),('160d7294-ed23-4c0d-bed4-14727162d0e9','e86d2fcf-e398-4282-b81e-6dde3996c1de',_binary '\0'),('26279715-4c82-41b0-bd5f-9493f94c1eb3','2f82c51b-1aae-4be3-b307-58ec1283e197',_binary '\0'),('26279715-4c82-41b0-bd5f-9493f94c1eb3','36d55e21-bcc4-4ee9-9e67-ab0fc0f190cd',_binary ''),('26279715-4c82-41b0-bd5f-9493f94c1eb3','44fcb7fc-1311-4d67-84a1-b030aabc8381',_binary ''),('26279715-4c82-41b0-bd5f-9493f94c1eb3','685436ea-8562-4bce-a53d-48e98d30249e',_binary ''),('26279715-4c82-41b0-bd5f-9493f94c1eb3','7da4ef2e-c424-449f-9b4d-b8ac3f7b37ad',_binary '\0'),('26279715-4c82-41b0-bd5f-9493f94c1eb3','a12673c4-64cd-450e-adf0-dfd96d4ad5a6',_binary ''),('26279715-4c82-41b0-bd5f-9493f94c1eb3','dad3a98f-3a49-4184-87a7-652ece9b2eb4',_binary '\0'),('26279715-4c82-41b0-bd5f-9493f94c1eb3','db97416d-73d3-4535-bc2f-6bcd60bb3182',_binary ''),('26279715-4c82-41b0-bd5f-9493f94c1eb3','e86d2fcf-e398-4282-b81e-6dde3996c1de',_binary '\0'),('3564bc5d-4650-4265-ab07-ab107580c915','2f82c51b-1aae-4be3-b307-58ec1283e197',_binary '\0'),('3564bc5d-4650-4265-ab07-ab107580c915','36d55e21-bcc4-4ee9-9e67-ab0fc0f190cd',_binary ''),('3564bc5d-4650-4265-ab07-ab107580c915','44fcb7fc-1311-4d67-84a1-b030aabc8381',_binary ''),('3564bc5d-4650-4265-ab07-ab107580c915','685436ea-8562-4bce-a53d-48e98d30249e',_binary ''),('3564bc5d-4650-4265-ab07-ab107580c915','7da4ef2e-c424-449f-9b4d-b8ac3f7b37ad',_binary '\0'),('3564bc5d-4650-4265-ab07-ab107580c915','a12673c4-64cd-450e-adf0-dfd96d4ad5a6',_binary ''),('3564bc5d-4650-4265-ab07-ab107580c915','dad3a98f-3a49-4184-87a7-652ece9b2eb4',_binary '\0'),('3564bc5d-4650-4265-ab07-ab107580c915','db97416d-73d3-4535-bc2f-6bcd60bb3182',_binary ''),('3564bc5d-4650-4265-ab07-ab107580c915','e86d2fcf-e398-4282-b81e-6dde3996c1de',_binary '\0'),('3aa884c4-dffd-498c-8056-6f75e1eb953a','2f82c51b-1aae-4be3-b307-58ec1283e197',_binary '\0'),('3aa884c4-dffd-498c-8056-6f75e1eb953a','36d55e21-bcc4-4ee9-9e67-ab0fc0f190cd',_binary ''),('3aa884c4-dffd-498c-8056-6f75e1eb953a','44fcb7fc-1311-4d67-84a1-b030aabc8381',_binary ''),('3aa884c4-dffd-498c-8056-6f75e1eb953a','685436ea-8562-4bce-a53d-48e98d30249e',_binary ''),('3aa884c4-dffd-498c-8056-6f75e1eb953a','7da4ef2e-c424-449f-9b4d-b8ac3f7b37ad',_binary '\0'),('3aa884c4-dffd-498c-8056-6f75e1eb953a','a12673c4-64cd-450e-adf0-dfd96d4ad5a6',_binary ''),('3aa884c4-dffd-498c-8056-6f75e1eb953a','dad3a98f-3a49-4184-87a7-652ece9b2eb4',_binary '\0'),('3aa884c4-dffd-498c-8056-6f75e1eb953a','db97416d-73d3-4535-bc2f-6bcd60bb3182',_binary ''),('3aa884c4-dffd-498c-8056-6f75e1eb953a','e86d2fcf-e398-4282-b81e-6dde3996c1de',_binary '\0'),('41b8ef05-ac2a-4cf2-b710-1107b21ef56f','21680b15-9b9e-4c4c-b1a5-a04a663c0b48',_binary '\0'),('41b8ef05-ac2a-4cf2-b710-1107b21ef56f','2e46e47f-38ee-4155-b1c8-d4d1680cf903',_binary ''),('41b8ef05-ac2a-4cf2-b710-1107b21ef56f','53985e8e-43fe-45f5-8a14-8a29c07d786b',_binary ''),('41b8ef05-ac2a-4cf2-b710-1107b21ef56f','635da59e-1468-4c0a-a35b-e4816b236997',_binary ''),('41b8ef05-ac2a-4cf2-b710-1107b21ef56f','6d67529f-c43f-489c-90d6-ec1d79b5def0',_binary '\0'),('41b8ef05-ac2a-4cf2-b710-1107b21ef56f','95bf4c39-e89d-4890-aa7a-2a09eca491ad',_binary '\0'),('41b8ef05-ac2a-4cf2-b710-1107b21ef56f','a1164573-3cac-4dd0-9487-4c02601b5140',_binary ''),('41b8ef05-ac2a-4cf2-b710-1107b21ef56f','cd263575-b953-4d7e-b2b4-d890e3d9d64b',_binary ''),('41b8ef05-ac2a-4cf2-b710-1107b21ef56f','dbbb3193-8442-4aa3-aeec-be8e6d812e41',_binary '\0'),('42998bbf-4b42-442d-9e74-c913694fd655','2f82c51b-1aae-4be3-b307-58ec1283e197',_binary '\0'),('42998bbf-4b42-442d-9e74-c913694fd655','36d55e21-bcc4-4ee9-9e67-ab0fc0f190cd',_binary ''),('42998bbf-4b42-442d-9e74-c913694fd655','44fcb7fc-1311-4d67-84a1-b030aabc8381',_binary ''),('42998bbf-4b42-442d-9e74-c913694fd655','685436ea-8562-4bce-a53d-48e98d30249e',_binary ''),('42998bbf-4b42-442d-9e74-c913694fd655','7da4ef2e-c424-449f-9b4d-b8ac3f7b37ad',_binary '\0'),('42998bbf-4b42-442d-9e74-c913694fd655','a12673c4-64cd-450e-adf0-dfd96d4ad5a6',_binary ''),('42998bbf-4b42-442d-9e74-c913694fd655','dad3a98f-3a49-4184-87a7-652ece9b2eb4',_binary '\0'),('42998bbf-4b42-442d-9e74-c913694fd655','db97416d-73d3-4535-bc2f-6bcd60bb3182',_binary ''),('42998bbf-4b42-442d-9e74-c913694fd655','e86d2fcf-e398-4282-b81e-6dde3996c1de',_binary '\0'),('52f9725a-de85-48db-8218-972f375d55fe','2f82c51b-1aae-4be3-b307-58ec1283e197',_binary '\0'),('52f9725a-de85-48db-8218-972f375d55fe','36d55e21-bcc4-4ee9-9e67-ab0fc0f190cd',_binary ''),('52f9725a-de85-48db-8218-972f375d55fe','44fcb7fc-1311-4d67-84a1-b030aabc8381',_binary ''),('52f9725a-de85-48db-8218-972f375d55fe','685436ea-8562-4bce-a53d-48e98d30249e',_binary ''),('52f9725a-de85-48db-8218-972f375d55fe','7da4ef2e-c424-449f-9b4d-b8ac3f7b37ad',_binary '\0'),('52f9725a-de85-48db-8218-972f375d55fe','a12673c4-64cd-450e-adf0-dfd96d4ad5a6',_binary ''),('52f9725a-de85-48db-8218-972f375d55fe','dad3a98f-3a49-4184-87a7-652ece9b2eb4',_binary '\0'),('52f9725a-de85-48db-8218-972f375d55fe','db97416d-73d3-4535-bc2f-6bcd60bb3182',_binary ''),('52f9725a-de85-48db-8218-972f375d55fe','e86d2fcf-e398-4282-b81e-6dde3996c1de',_binary '\0'),('668cefc1-9844-43a3-bad2-00a21e312aed','2f82c51b-1aae-4be3-b307-58ec1283e197',_binary '\0'),('668cefc1-9844-43a3-bad2-00a21e312aed','36d55e21-bcc4-4ee9-9e67-ab0fc0f190cd',_binary ''),('668cefc1-9844-43a3-bad2-00a21e312aed','44fcb7fc-1311-4d67-84a1-b030aabc8381',_binary ''),('668cefc1-9844-43a3-bad2-00a21e312aed','685436ea-8562-4bce-a53d-48e98d30249e',_binary ''),('668cefc1-9844-43a3-bad2-00a21e312aed','7da4ef2e-c424-449f-9b4d-b8ac3f7b37ad',_binary '\0'),('668cefc1-9844-43a3-bad2-00a21e312aed','a12673c4-64cd-450e-adf0-dfd96d4ad5a6',_binary ''),('668cefc1-9844-43a3-bad2-00a21e312aed','dad3a98f-3a49-4184-87a7-652ece9b2eb4',_binary '\0'),('668cefc1-9844-43a3-bad2-00a21e312aed','db97416d-73d3-4535-bc2f-6bcd60bb3182',_binary ''),('668cefc1-9844-43a3-bad2-00a21e312aed','e86d2fcf-e398-4282-b81e-6dde3996c1de',_binary '\0'),('79e472b0-e562-4535-a516-db7d7696a447','2f82c51b-1aae-4be3-b307-58ec1283e197',_binary '\0'),('79e472b0-e562-4535-a516-db7d7696a447','36d55e21-bcc4-4ee9-9e67-ab0fc0f190cd',_binary ''),('79e472b0-e562-4535-a516-db7d7696a447','44fcb7fc-1311-4d67-84a1-b030aabc8381',_binary ''),('79e472b0-e562-4535-a516-db7d7696a447','685436ea-8562-4bce-a53d-48e98d30249e',_binary ''),('79e472b0-e562-4535-a516-db7d7696a447','7da4ef2e-c424-449f-9b4d-b8ac3f7b37ad',_binary '\0'),('79e472b0-e562-4535-a516-db7d7696a447','a12673c4-64cd-450e-adf0-dfd96d4ad5a6',_binary ''),('79e472b0-e562-4535-a516-db7d7696a447','dad3a98f-3a49-4184-87a7-652ece9b2eb4',_binary '\0'),('79e472b0-e562-4535-a516-db7d7696a447','db97416d-73d3-4535-bc2f-6bcd60bb3182',_binary ''),('79e472b0-e562-4535-a516-db7d7696a447','e86d2fcf-e398-4282-b81e-6dde3996c1de',_binary '\0'),('8a3705bf-a20c-47ca-b338-18facc3731fb','21680b15-9b9e-4c4c-b1a5-a04a663c0b48',_binary '\0'),('8a3705bf-a20c-47ca-b338-18facc3731fb','2e46e47f-38ee-4155-b1c8-d4d1680cf903',_binary ''),('8a3705bf-a20c-47ca-b338-18facc3731fb','53985e8e-43fe-45f5-8a14-8a29c07d786b',_binary ''),('8a3705bf-a20c-47ca-b338-18facc3731fb','635da59e-1468-4c0a-a35b-e4816b236997',_binary ''),('8a3705bf-a20c-47ca-b338-18facc3731fb','6d67529f-c43f-489c-90d6-ec1d79b5def0',_binary '\0'),('8a3705bf-a20c-47ca-b338-18facc3731fb','95bf4c39-e89d-4890-aa7a-2a09eca491ad',_binary '\0'),('8a3705bf-a20c-47ca-b338-18facc3731fb','a1164573-3cac-4dd0-9487-4c02601b5140',_binary ''),('8a3705bf-a20c-47ca-b338-18facc3731fb','cd263575-b953-4d7e-b2b4-d890e3d9d64b',_binary ''),('8a3705bf-a20c-47ca-b338-18facc3731fb','dbbb3193-8442-4aa3-aeec-be8e6d812e41',_binary '\0'),('979cf196-5dde-4f21-89cb-116b0699e912','21680b15-9b9e-4c4c-b1a5-a04a663c0b48',_binary '\0'),('979cf196-5dde-4f21-89cb-116b0699e912','2e46e47f-38ee-4155-b1c8-d4d1680cf903',_binary ''),('979cf196-5dde-4f21-89cb-116b0699e912','53985e8e-43fe-45f5-8a14-8a29c07d786b',_binary ''),('979cf196-5dde-4f21-89cb-116b0699e912','635da59e-1468-4c0a-a35b-e4816b236997',_binary ''),('979cf196-5dde-4f21-89cb-116b0699e912','6d67529f-c43f-489c-90d6-ec1d79b5def0',_binary '\0'),('979cf196-5dde-4f21-89cb-116b0699e912','95bf4c39-e89d-4890-aa7a-2a09eca491ad',_binary '\0'),('979cf196-5dde-4f21-89cb-116b0699e912','a1164573-3cac-4dd0-9487-4c02601b5140',_binary ''),('979cf196-5dde-4f21-89cb-116b0699e912','cd263575-b953-4d7e-b2b4-d890e3d9d64b',_binary ''),('979cf196-5dde-4f21-89cb-116b0699e912','dbbb3193-8442-4aa3-aeec-be8e6d812e41',_binary '\0'),('9b57c777-220f-4c9e-b770-9d7fb670c72e','21680b15-9b9e-4c4c-b1a5-a04a663c0b48',_binary '\0'),('9b57c777-220f-4c9e-b770-9d7fb670c72e','2e46e47f-38ee-4155-b1c8-d4d1680cf903',_binary ''),('9b57c777-220f-4c9e-b770-9d7fb670c72e','53985e8e-43fe-45f5-8a14-8a29c07d786b',_binary ''),('9b57c777-220f-4c9e-b770-9d7fb670c72e','635da59e-1468-4c0a-a35b-e4816b236997',_binary ''),('9b57c777-220f-4c9e-b770-9d7fb670c72e','6d67529f-c43f-489c-90d6-ec1d79b5def0',_binary '\0'),('9b57c777-220f-4c9e-b770-9d7fb670c72e','95bf4c39-e89d-4890-aa7a-2a09eca491ad',_binary '\0'),('9b57c777-220f-4c9e-b770-9d7fb670c72e','a1164573-3cac-4dd0-9487-4c02601b5140',_binary ''),('9b57c777-220f-4c9e-b770-9d7fb670c72e','cd263575-b953-4d7e-b2b4-d890e3d9d64b',_binary ''),('9b57c777-220f-4c9e-b770-9d7fb670c72e','dbbb3193-8442-4aa3-aeec-be8e6d812e41',_binary '\0'),('b35aaa9d-012a-4a89-ae41-1662dad499c9','21680b15-9b9e-4c4c-b1a5-a04a663c0b48',_binary '\0'),('b35aaa9d-012a-4a89-ae41-1662dad499c9','2e46e47f-38ee-4155-b1c8-d4d1680cf903',_binary ''),('b35aaa9d-012a-4a89-ae41-1662dad499c9','53985e8e-43fe-45f5-8a14-8a29c07d786b',_binary ''),('b35aaa9d-012a-4a89-ae41-1662dad499c9','635da59e-1468-4c0a-a35b-e4816b236997',_binary ''),('b35aaa9d-012a-4a89-ae41-1662dad499c9','6d67529f-c43f-489c-90d6-ec1d79b5def0',_binary '\0'),('b35aaa9d-012a-4a89-ae41-1662dad499c9','95bf4c39-e89d-4890-aa7a-2a09eca491ad',_binary '\0'),('b35aaa9d-012a-4a89-ae41-1662dad499c9','a1164573-3cac-4dd0-9487-4c02601b5140',_binary ''),('b35aaa9d-012a-4a89-ae41-1662dad499c9','cd263575-b953-4d7e-b2b4-d890e3d9d64b',_binary ''),('b35aaa9d-012a-4a89-ae41-1662dad499c9','dbbb3193-8442-4aa3-aeec-be8e6d812e41',_binary '\0'),('ba0fd594-b3c1-41ef-b46b-2b7a09220353','21680b15-9b9e-4c4c-b1a5-a04a663c0b48',_binary '\0'),('ba0fd594-b3c1-41ef-b46b-2b7a09220353','2e46e47f-38ee-4155-b1c8-d4d1680cf903',_binary ''),('ba0fd594-b3c1-41ef-b46b-2b7a09220353','53985e8e-43fe-45f5-8a14-8a29c07d786b',_binary ''),('ba0fd594-b3c1-41ef-b46b-2b7a09220353','635da59e-1468-4c0a-a35b-e4816b236997',_binary ''),('ba0fd594-b3c1-41ef-b46b-2b7a09220353','6d67529f-c43f-489c-90d6-ec1d79b5def0',_binary '\0'),('ba0fd594-b3c1-41ef-b46b-2b7a09220353','95bf4c39-e89d-4890-aa7a-2a09eca491ad',_binary '\0'),('ba0fd594-b3c1-41ef-b46b-2b7a09220353','a1164573-3cac-4dd0-9487-4c02601b5140',_binary ''),('ba0fd594-b3c1-41ef-b46b-2b7a09220353','cd263575-b953-4d7e-b2b4-d890e3d9d64b',_binary ''),('ba0fd594-b3c1-41ef-b46b-2b7a09220353','dbbb3193-8442-4aa3-aeec-be8e6d812e41',_binary '\0'),('d17936ea-07bf-4c15-8782-5d59451d39f9','2f82c51b-1aae-4be3-b307-58ec1283e197',_binary '\0'),('d17936ea-07bf-4c15-8782-5d59451d39f9','36d55e21-bcc4-4ee9-9e67-ab0fc0f190cd',_binary ''),('d17936ea-07bf-4c15-8782-5d59451d39f9','44fcb7fc-1311-4d67-84a1-b030aabc8381',_binary ''),('d17936ea-07bf-4c15-8782-5d59451d39f9','685436ea-8562-4bce-a53d-48e98d30249e',_binary ''),('d17936ea-07bf-4c15-8782-5d59451d39f9','7da4ef2e-c424-449f-9b4d-b8ac3f7b37ad',_binary '\0'),('d17936ea-07bf-4c15-8782-5d59451d39f9','a12673c4-64cd-450e-adf0-dfd96d4ad5a6',_binary ''),('d17936ea-07bf-4c15-8782-5d59451d39f9','dad3a98f-3a49-4184-87a7-652ece9b2eb4',_binary '\0'),('d17936ea-07bf-4c15-8782-5d59451d39f9','db97416d-73d3-4535-bc2f-6bcd60bb3182',_binary ''),('d17936ea-07bf-4c15-8782-5d59451d39f9','e86d2fcf-e398-4282-b81e-6dde3996c1de',_binary '\0'),('d675fd4d-220d-4aa3-ba53-7e1de594e67d','21680b15-9b9e-4c4c-b1a5-a04a663c0b48',_binary '\0'),('d675fd4d-220d-4aa3-ba53-7e1de594e67d','2e46e47f-38ee-4155-b1c8-d4d1680cf903',_binary ''),('d675fd4d-220d-4aa3-ba53-7e1de594e67d','53985e8e-43fe-45f5-8a14-8a29c07d786b',_binary ''),('d675fd4d-220d-4aa3-ba53-7e1de594e67d','635da59e-1468-4c0a-a35b-e4816b236997',_binary ''),('d675fd4d-220d-4aa3-ba53-7e1de594e67d','6d67529f-c43f-489c-90d6-ec1d79b5def0',_binary '\0'),('d675fd4d-220d-4aa3-ba53-7e1de594e67d','95bf4c39-e89d-4890-aa7a-2a09eca491ad',_binary '\0'),('d675fd4d-220d-4aa3-ba53-7e1de594e67d','a1164573-3cac-4dd0-9487-4c02601b5140',_binary ''),('d675fd4d-220d-4aa3-ba53-7e1de594e67d','cd263575-b953-4d7e-b2b4-d890e3d9d64b',_binary ''),('d675fd4d-220d-4aa3-ba53-7e1de594e67d','dbbb3193-8442-4aa3-aeec-be8e6d812e41',_binary '\0');
/*!40000 ALTER TABLE `CLIENT_SCOPE_CLIENT` ENABLE KEYS */;
UNLOCK TABLES;

--
-- Dumping data for table `CLIENT_SCOPE_ROLE_MAPPING`
--

LOCK TABLES `CLIENT_SCOPE_ROLE_MAPPING` WRITE;
/*!40000 ALTER TABLE `CLIENT_SCOPE_ROLE_MAPPING` DISABLE KEYS */;
INSERT INTO `CLIENT_SCOPE_ROLE_MAPPING` VALUES ('dad3a98f-3a49-4184-87a7-652ece9b2eb4','69be001f-dd39-4ed6-8f41-6cf760338d33'),('dbbb3193-8442-4aa3-aeec-be8e6d812e41','17c2d4f2-cc15-4f2d-a5aa-fbb607260e25');
/*!40000 ALTER TABLE `CLIENT_SCOPE_ROLE_MAPPING` ENABLE KEYS */;
UNLOCK TABLES;

--
-- Dumping data for table `CLIENT_SESSION`
--

LOCK TABLES `CLIENT_SESSION` WRITE;
/*!40000 ALTER TABLE `CLIENT_SESSION` DISABLE KEYS */;
/*!40000 ALTER TABLE `CLIENT_SESSION` ENABLE KEYS */;
UNLOCK TABLES;

--
-- Dumping data for table `CLIENT_SESSION_AUTH_STATUS`
--

LOCK TABLES `CLIENT_SESSION_AUTH_STATUS` WRITE;
/*!40000 ALTER TABLE `CLIENT_SESSION_AUTH_STATUS` DISABLE KEYS */;
/*!40000 ALTER TABLE `CLIENT_SESSION_AUTH_STATUS` ENABLE KEYS */;
UNLOCK TABLES;

--
-- Dumping data for table `CLIENT_SESSION_NOTE`
--

LOCK TABLES `CLIENT_SESSION_NOTE` WRITE;
/*!40000 ALTER TABLE `CLIENT_SESSION_NOTE` DISABLE KEYS */;
/*!40000 ALTER TABLE `CLIENT_SESSION_NOTE` ENABLE KEYS */;
UNLOCK TABLES;

--
-- Dumping data for table `CLIENT_SESSION_PROT_MAPPER`
--

LOCK TABLES `CLIENT_SESSION_PROT_MAPPER` WRITE;
/*!40000 ALTER TABLE `CLIENT_SESSION_PROT_MAPPER` DISABLE KEYS */;
/*!40000 ALTER TABLE `CLIENT_SESSION_PROT_MAPPER` ENABLE KEYS */;
UNLOCK TABLES;

--
-- Dumping data for table `CLIENT_SESSION_ROLE`
--

LOCK TABLES `CLIENT_SESSION_ROLE` WRITE;
/*!40000 ALTER TABLE `CLIENT_SESSION_ROLE` DISABLE KEYS */;
/*!40000 ALTER TABLE `CLIENT_SESSION_ROLE` ENABLE KEYS */;
UNLOCK TABLES;

--
-- Dumping data for table `CLIENT_USER_SESSION_NOTE`
--

LOCK TABLES `CLIENT_USER_SESSION_NOTE` WRITE;
/*!40000 ALTER TABLE `CLIENT_USER_SESSION_NOTE` DISABLE KEYS */;
/*!40000 ALTER TABLE `CLIENT_USER_SESSION_NOTE` ENABLE KEYS */;
UNLOCK TABLES;

--
-- Dumping data for table `COMPONENT`
--

LOCK TABLES `COMPONENT` WRITE;
/*!40000 ALTER TABLE `COMPONENT` DISABLE KEYS */;
INSERT INTO `COMPONENT` VALUES ('0332473b-6679-45c0-add5-2d5c59a76437','Max Clients Limit','master','max-clients','org.keycloak.services.clientregistration.policy.ClientRegistrationPolicy','master','anonymous'),('18e44070-479f-4afb-9463-88d05891700b','Consent Required','JCP','consent-required','org.keycloak.services.clientregistration.policy.ClientRegistrationPolicy','JCP','anonymous'),('2a059e6a-68f0-4d1e-9f6e-58866538c253','Trusted Hosts','JCP','trusted-hosts','org.keycloak.services.clientregistration.policy.ClientRegistrationPolicy','JCP','anonymous'),('3dfeeab2-7349-4ffd-a888-d9c69339f6fd','aes-generated','master','aes-generated','org.keycloak.keys.KeyProvider','master',NULL),('4236059f-479d-4144-997c-8cf491311d54','Allowed Protocol Mapper Types','JCP','allowed-protocol-mappers','org.keycloak.services.clientregistration.policy.ClientRegistrationPolicy','JCP','anonymous'),('470e62bc-430a-4907-a4c4-65f045164211','Allowed Client Scopes','JCP','allowed-client-templates','org.keycloak.services.clientregistration.policy.ClientRegistrationPolicy','JCP','anonymous'),('4a5bb109-4e22-40f3-b84c-688c43cec766','Allowed Protocol Mapper Types','JCP','allowed-protocol-mappers','org.keycloak.services.clientregistration.policy.ClientRegistrationPolicy','JCP','authenticated'),('4c21f57f-e666-4734-ba59-7ff4243e90e8','rsa-generated','JCP','rsa-generated','org.keycloak.keys.KeyProvider','JCP',NULL),('509e9f0c-56c5-455e-abe3-14bdf3dacf20','hmac-generated','master','hmac-generated','org.keycloak.keys.KeyProvider','master',NULL),('51c20eb8-62ed-4b22-bbcc-a18724ec7a4a','Full Scope Disabled','JCP','scope','org.keycloak.services.clientregistration.policy.ClientRegistrationPolicy','JCP','anonymous'),('5b42ff73-ad39-4c38-b0c7-3c5478c17ca4','Allowed Protocol Mapper Types','master','allowed-protocol-mappers','org.keycloak.services.clientregistration.policy.ClientRegistrationPolicy','master','authenticated'),('5ba2459b-460d-4f3e-a256-7d3eb7f1e270','hmac-generated','JCP','hmac-generated','org.keycloak.keys.KeyProvider','JCP',NULL),('5dc7c403-40e7-4e87-8f3e-2dd326d6460c','Allowed Client Scopes','master','allowed-client-templates','org.keycloak.services.clientregistration.policy.ClientRegistrationPolicy','master','anonymous'),('661e58e6-bade-41bf-b1db-5396841b3ccb','aes-generated','JCP','aes-generated','org.keycloak.keys.KeyProvider','JCP',NULL),('68b0faa1-fcba-4195-8baa-f0bd17f88b3f','Max Clients Limit','JCP','max-clients','org.keycloak.services.clientregistration.policy.ClientRegistrationPolicy','JCP','anonymous'),('9036e26c-6637-4d0d-816d-896597f9f72c','Allowed Protocol Mapper Types','master','allowed-protocol-mappers','org.keycloak.services.clientregistration.policy.ClientRegistrationPolicy','master','anonymous'),('b95ef3a8-4be5-4252-8c32-b2a39279dfed','Allowed Client Scopes','JCP','allowed-client-templates','org.keycloak.services.clientregistration.policy.ClientRegistrationPolicy','JCP','authenticated'),('c2031dff-bd3e-453f-9cba-313e45be2bf5','Allowed Client Scopes','master','allowed-client-templates','org.keycloak.services.clientregistration.policy.ClientRegistrationPolicy','master','authenticated'),('cc691b27-216a-42f8-9ebe-e8adb734a381','Trusted Hosts','master','trusted-hosts','org.keycloak.services.clientregistration.policy.ClientRegistrationPolicy','master','anonymous'),('d478c86d-8f14-4bca-bf1f-97509f0e0164','Full Scope Disabled','master','scope','org.keycloak.services.clientregistration.policy.ClientRegistrationPolicy','master','anonymous'),('d5cec9bd-9901-4620-bd2a-a9a48ee007f9','Consent Required','master','consent-required','org.keycloak.services.clientregistration.policy.ClientRegistrationPolicy','master','anonymous'),('eed83a14-837a-40fc-8371-412b1aa7ca93','rsa-generated','master','rsa-generated','org.keycloak.keys.KeyProvider','master',NULL);
/*!40000 ALTER TABLE `COMPONENT` ENABLE KEYS */;
UNLOCK TABLES;

--
-- Dumping data for table `COMPONENT_CONFIG`
--

LOCK TABLES `COMPONENT_CONFIG` WRITE;
/*!40000 ALTER TABLE `COMPONENT_CONFIG` DISABLE KEYS */;
INSERT INTO `COMPONENT_CONFIG` VALUES ('00b36840-c3cd-4cd5-aa8c-c56cba1b53c9','4236059f-479d-4144-997c-8cf491311d54','allowed-protocol-mapper-types','oidc-sha256-pairwise-sub-mapper'),('0266dd15-2172-409c-b6c2-087ebfd80c31','4236059f-479d-4144-997c-8cf491311d54','allowed-protocol-mapper-types','saml-user-attribute-mapper'),('0cbfc9ed-5f95-405d-bce1-0cb21d328697','9036e26c-6637-4d0d-816d-896597f9f72c','allowed-protocol-mapper-types','saml-user-property-mapper'),('0d1812de-3c80-439a-b16c-396dabc9d784','3dfeeab2-7349-4ffd-a888-d9c69339f6fd','secret','HJThfx1kOA9VOIeL9k0JIg'),('107cecca-6ad3-41c7-b184-1073db81fdb4','3dfeeab2-7349-4ffd-a888-d9c69339f6fd','kid','bf6c9266-8878-4c02-a6a5-ee2edf87391d'),('17b0fb36-c221-4b52-a579-3f5e4215fbcb','509e9f0c-56c5-455e-abe3-14bdf3dacf20','secret','TJllePlwriYRSTqTU2tmIIpwNTdt8HhDonOyRBVLIdjJKcznG584b788MhAp6TPH769bGPMmY6ycDx7D7gdIXQ'),('1c3803a6-39ff-41da-ad97-a7ea42c03f47','509e9f0c-56c5-455e-abe3-14bdf3dacf20','priority','100'),('21443055-bb84-489b-9da2-025e15f6dfac','5ba2459b-460d-4f3e-a256-7d3eb7f1e270','kid','5ce62895-b69c-442c-a308-8207150fcff3'),('2665cad6-51ad-4b72-92d7-3692341cebb4','5b42ff73-ad39-4c38-b0c7-3c5478c17ca4','allowed-protocol-mapper-types','oidc-usermodel-property-mapper'),('2e37ea43-43ad-4b38-ae92-6c4464ae4893','4236059f-479d-4144-997c-8cf491311d54','allowed-protocol-mapper-types','oidc-address-mapper'),('35175b5d-924f-441e-ae20-6fb1b6db1d28','4a5bb109-4e22-40f3-b84c-688c43cec766','allowed-protocol-mapper-types','oidc-usermodel-attribute-mapper'),('35efe938-bdd6-4c46-bc38-4b9000fa917d','eed83a14-837a-40fc-8371-412b1aa7ca93','privateKey','MIIEowIBAAKCAQEAguVAvKZjzDTRjCiNWSWlJw58+OzjrdJS2Iii7XhMIpSKWT7RhnpY2XbjxupCyXHszYmFWRUsH8xInVE9rYBqMYWe61EqWv+uSx2e/5qTp3GMnumsAWCzAaQLq/hchNGOWqqiczJkwvgoxBtCEEkQcjZ46r6w1d/3VJOAzsi+e74KDuodLpF0qjo8+PPOeQ1NmPTx+Lyshq3Bs059RxqvzgDs0kiTiSrn3v8+bWPvVzb2ui+caIbmqgigTMNA4/Ea6dNy/Wf00Pt6g3D58J4l9vi50SaTjGSDlsTqyaJgVEBHOeayH+vWXk91qNqypUndR1YAtmSajLyBVdumFrjJAwIDAQABAoIBABnhdkFWrNjNgLkzs27y8IqeZLtbK1FNCrBho8VMSdF0iT5IG2l5e2PUDAlifD4UVnv1OvZ4JzdKTvk7/PP3NggAoYFplPRVJYMYoj1rtNIgs2sgTLAhDIPAicZA3xorzPfEUUZxqlaadoT/1rodmDDc8F+JwLEpDWAdohRAwNj6WoYNJxqGVGy8e126UjaOosuZUgMLRdtKVX/ZfnS+R4JLNqpX+ZiSQWxZ1AfA+87sOf2pgVGvbYEip93j2XhS3ZIQwTa84VJVeFfV1D5zjaWPGVGQFfvKVgraET/cZfhBNladbVGJOLd6jhy8bI1VURiL3E6sIaXKY3m4+91F8NECgYEA3jXLTsvVAjLfcLI4WHdXAhvLLlMNvm3x8jvCrMXAcFwQxXtHmOIEqpP+MJB5ovGLdGqOEP/SVDe531Vc7qCldyRdep7c1WXapSCsIoJ6ifiUzAbp+GqgZyCLiPjZ3/scVVWOJEESyATNW90NbYtlyA0tyUN0vyrDTTzZMB3ihicCgYEAlszCZ1gUOYILanCU+ihq1tgUHoSqShHvCs+PUzUKMOSq3qViLjSlT51cy0sEEa8LJnJ9peXxyuX/E8X5tvnqICM3jhdhRy7veCaMftaS8/cvM8DOGWBEpdytY1ui45cSgh18PC3689zSZdTrJ7+RiIbU3kx7mwTNhHalBcCJK8UCgYEAv8vg0v9euQoeEFDUD4/aWuiQhEiNqVuOpQ1t5+C8TH86vqm8z7nuWyloEpTxWHJycyZxvzyAV87NsXYlw5aHm4GY6fjrFYpXoYXE7fh/Ok2EaWJiWtf14W2W4sAglpJRD1rMWICObHSwqGTxbScP0A+IAJsnzsVjU2x87motFqsCgYBNb/xsgUhxd5xRHlsCUvr6NJ+wREQGIUt1a7yX5+bB0MsF5juSqqoxRge+xVjjk9XP+n8XUAtoO89O4h0nnxJhSnRe3RaxLSL/uhvvjlSMP2TX2Kx9T3gxDC9llEsDQDLa6jU/2gTCcaUBceMH2FHtn/9z4CahJkg7O4nmeEZ4WQKBgEbbH1DOjehOCyIkVHyP3U1tA2FpkX7MHAa/zP3L+0hcN8MdYbY3r04kaKZp2akF7Kp5Nz+PST3x8C0bClsAuWOjGnLGjUVA9Kk5mKVsrxekX5xyOUf4Po/WhKoNalkej5e20aSveeh+NZiCPfjBrUU3ovXv3gBPFfhmp0Amj2gb'),('381bae64-95f7-4372-a17b-d46bfa9172c2','4c21f57f-e666-4734-ba59-7ff4243e90e8','privateKey','MIIEpAIBAAKCAQEAvinVu21hgldQmkRH45Q97xbKW13l6/xc9hK2g1gdJc1yk9PAdTsTi31EtQtmMOTjNSimu47DL6UDfQsGjOR4FEFIKLIAKSHz9caDxt2vs3bLamWAPlvpHxseOdbU409/6+KD0WE1JFMCMdh+VrW50v/X2ACANoU5v9Zg23ClegMnpjhKDubQLcWODSS+gsu9l8cq0iaPqQs6EkYawZqyLwVvKN/V+zBCBorPFY4sDmyFNQAFRVmKigWF8QEzOm/NHZ9dar6fZyubcb00XUhwsZf2FD8aAJbUXCBGV8NB7uWJtJQuPgvZOB9d5uPmAnNS1DlNDWG3Oc+JoQnE2S7uywIDAQABAoIBAQCMNkhzU+krs7mopWPkN2+bFFDMIWXgJEle3tlX6uZC80LiIKWtSovUs96vJuKIdpvYnEqjzFW6kY8K6dBAnkyzkpbj+qsHqRM6Ss7rGJXuW08M+h4e3KH833/f4blCiWGmyXOsNGJ8j//0RM6SnJeRLjc1+tiOWpkEC8uKwXohhWBzptWbmJV5UW3eod5utMc4gaKKHfdoLdHs4EOU4WTPjfg9qlUR3RD1rCKVDry/r7oeUgyWWDtS0okKIeQJOVRRZS6fFhUfGBvAOWpvNtQMGUZIj0jGYIhHZWZmhF4fCTwILwW3EhuI5f98J3OnIm6wdQK46WWbL4D6KgXUgTDxAoGBAOPGTPWZ8dXSrdyA80yHztfzfb9ZovUYym67n3+2U67gn8zwymevU6zvy9JPdUBtA/bmPx0g2XsqDOHA7Gpmn2z0xx/wNniAdlGuJp/CXbDwrGppoZU6arHhbAnEvXOF/e2Ljl1HuoQNZJzB26KpfAUiNkykCT1KOLoKhErH7TqlAoGBANW6ZLo8XWm6AMeTVgFFqL9M04ca+TpYHHYiuz5Q5VV1m221kyd5cXIu3cxK7V+jrGEYk9FZcSoXZGjpnZgEqbmwPN3J2MBh9cojbgGphYiGRDqGva4GR4VTcEGjsjFwdnmqAgCcK9/DMSBYX5/tvPx/JNZxWvE9N5OuqddGJPivAoGAFxkm+MkRwzNIOlJBWgNzsGaa2+rFIcHP1YblV9gviE5zJh9NB1K6U5FFxCAWrd/gRQt4XwXTyC+ter9LukaJ6EyyXMTJYVL1rLbSZ+UYBzeA5JGttypjY4KOqDbxV2PBKnO6ji8V9Qo+p77o/Qfe8c5UX1VLMpHySruCSusXXZkCgYEAuwMy2iax0i5YOkl4ivpp8qIFwQVgKKYqmVBAqQFd+k5DJ1cnIPZJxxCtMPIrDHGKBxfbV+a8d4kqagZoyDjkTj+gsqzIxWWyDSK9QiUUW+aoUtHNrTV/ZXEiG71h0ZLHiCOzRtdgKJaCKPxLCASdRg72q9FaMxZOyCGgKWcOOK8CgYBfLsA+b57NUgx9/T/0HFxM5SAZ0OJU/IUKjWHFGGBTs1MsiP6LqoB5FJMZaFhD5q8tq1PL2cgTafqtldfqfxosK/0zQYLK2hSFa1f7aShC3lXujzHTQZGutVVHArUcqcCsxX1G9GQNWj3IlRuxHGsBgGZURZYZG8weq0G40nNbbQ=='),('39a282c8-84bc-4372-bf01-434742200247','9036e26c-6637-4d0d-816d-896597f9f72c','allowed-protocol-mapper-types','oidc-address-mapper'),('4298cdf4-02c0-426c-948e-2fdf52be2644','2a059e6a-68f0-4d1e-9f6e-58866538c253','client-uris-must-match','true'),('44396a7c-30b5-4289-b7a9-de633c08650d','b95ef3a8-4be5-4252-8c32-b2a39279dfed','allow-default-scopes','true'),('4682ed74-5e6e-4f9c-ad49-e6835fb45873','eed83a14-837a-40fc-8371-412b1aa7ca93','priority','100'),('46c6c493-b25c-4c9b-ad75-e5f189e9dd05','9036e26c-6637-4d0d-816d-896597f9f72c','allowed-protocol-mapper-types','saml-user-attribute-mapper'),('496653a9-4459-4256-9275-ab2fcf1d2dc9','4a5bb109-4e22-40f3-b84c-688c43cec766','allowed-protocol-mapper-types','oidc-address-mapper'),('4d688d89-ae2e-437c-be4f-5e0e225d7714','4236059f-479d-4144-997c-8cf491311d54','allowed-protocol-mapper-types','saml-user-property-mapper'),('51e4c82b-506d-4d1f-aabb-151779457174','4236059f-479d-4144-997c-8cf491311d54','allowed-protocol-mapper-types','saml-role-list-mapper'),('5568487b-ed3e-4ccc-b0c7-72c5f1310836','2a059e6a-68f0-4d1e-9f6e-58866538c253','host-sending-registration-request-must-match','true'),('61356a70-ca96-4b7e-aa9f-6a22a5539c32','cc691b27-216a-42f8-9ebe-e8adb734a381','client-uris-must-match','true'),('647fe416-eb63-451c-90df-891069e9d0b5','5b42ff73-ad39-4c38-b0c7-3c5478c17ca4','allowed-protocol-mapper-types','saml-role-list-mapper'),('65bd644f-e2b4-447a-bfdc-511a6dc12d17','661e58e6-bade-41bf-b1db-5396841b3ccb','secret','BS3l9w5d6jNZF88e2T47Dw'),('6b568743-3591-4859-b7a7-b3d61df008dd','9036e26c-6637-4d0d-816d-896597f9f72c','allowed-protocol-mapper-types','oidc-usermodel-attribute-mapper'),('6d5975fc-9236-49ee-8e6d-de7c9999bb10','5b42ff73-ad39-4c38-b0c7-3c5478c17ca4','allowed-protocol-mapper-types','oidc-address-mapper'),('71aa4bd3-72fc-4555-8517-ea4515ed1323','509e9f0c-56c5-455e-abe3-14bdf3dacf20','kid','a71e8e53-7bd3-4bcb-8790-b2e3848fb093'),('72910616-5f2e-4ffd-91bc-22b7256a7c47','5ba2459b-460d-4f3e-a256-7d3eb7f1e270','secret','ultiEHizbl9du9jYX5Zwvv7ub0PkmGgRfltDOW8lqn7DZropjryS4oNl41tav12IgUk8R6MDZ4IXM8cyLgoVaQ'),('72b006f4-dcbb-4397-98f1-6a45c736d5ab','68b0faa1-fcba-4195-8baa-f0bd17f88b3f','max-clients','200'),('795859ad-f2e6-4faa-8ebf-2ea68f2f1eaa','5b42ff73-ad39-4c38-b0c7-3c5478c17ca4','allowed-protocol-mapper-types','oidc-usermodel-attribute-mapper'),('80e1a230-9a6b-46d1-a059-5c688f91b82f','9036e26c-6637-4d0d-816d-896597f9f72c','allowed-protocol-mapper-types','oidc-full-name-mapper'),('851147b1-ccaa-4953-81ea-0601c758729b','9036e26c-6637-4d0d-816d-896597f9f72c','allowed-protocol-mapper-types','oidc-usermodel-property-mapper'),('8b20752e-276a-4bcc-9554-4cea8796621b','5b42ff73-ad39-4c38-b0c7-3c5478c17ca4','allowed-protocol-mapper-types','saml-user-attribute-mapper'),('8c34d780-f8d5-40fa-a1c1-9155edc51a22','4236059f-479d-4144-997c-8cf491311d54','allowed-protocol-mapper-types','oidc-full-name-mapper'),('92e1116e-b97a-4525-a6e6-46bd9b8bd50f','9036e26c-6637-4d0d-816d-896597f9f72c','allowed-protocol-mapper-types','oidc-sha256-pairwise-sub-mapper'),('9ed7d040-9bc9-45bd-9d3b-6de408454745','4a5bb109-4e22-40f3-b84c-688c43cec766','allowed-protocol-mapper-types','oidc-full-name-mapper'),('a28238b0-45a6-46bd-9d86-10874df724d8','661e58e6-bade-41bf-b1db-5396841b3ccb','kid','9a8e0c81-fdba-4faa-81ec-41879dfabd16'),('a2a788ec-c734-4967-bd97-566b21eeb88a','661e58e6-bade-41bf-b1db-5396841b3ccb','priority','100'),('a4a54484-e7b6-49f0-a96c-b93069ea5597','5b42ff73-ad39-4c38-b0c7-3c5478c17ca4','allowed-protocol-mapper-types','saml-user-property-mapper'),('ac62ac53-fba6-4aa1-a858-8ab9cc809513','5dc7c403-40e7-4e87-8f3e-2dd326d6460c','allow-default-scopes','true'),('af4f8344-8d21-4009-8324-87aa234c8e3d','4a5bb109-4e22-40f3-b84c-688c43cec766','allowed-protocol-mapper-types','saml-user-property-mapper'),('b03fdeb0-0433-4be2-a266-112a5edd4101','4a5bb109-4e22-40f3-b84c-688c43cec766','allowed-protocol-mapper-types','oidc-usermodel-property-mapper'),('b8a13370-d4da-4c39-a8a5-3f843eb0bcc7','4236059f-479d-4144-997c-8cf491311d54','allowed-protocol-mapper-types','oidc-usermodel-property-mapper'),('b913099b-c618-4a05-b56b-8001ab63c2a5','c2031dff-bd3e-453f-9cba-313e45be2bf5','allow-default-scopes','true'),('c80b0070-c94d-44cb-b0a7-c8bdd2b52f3a','3dfeeab2-7349-4ffd-a888-d9c69339f6fd','priority','100'),('c98df45b-8678-4cbd-bdc1-71fb5e817f8a','4a5bb109-4e22-40f3-b84c-688c43cec766','allowed-protocol-mapper-types','oidc-sha256-pairwise-sub-mapper'),('ce1c7252-3152-465f-8a60-c73283ac28f0','9036e26c-6637-4d0d-816d-896597f9f72c','allowed-protocol-mapper-types','saml-role-list-mapper'),('d5172511-b244-4c94-a9ec-c5d6b68ffd01','cc691b27-216a-42f8-9ebe-e8adb734a381','host-sending-registration-request-must-match','true'),('da99bf9f-dde0-4a7f-8e87-451ac60b2368','eed83a14-837a-40fc-8371-412b1aa7ca93','certificate','MIICmzCCAYMCBgFwVEOf8TANBgkqhkiG9w0BAQsFADARMQ8wDQYDVQQDDAZtYXN0ZXIwHhcNMjAwMjE3MTc0NjIyWhcNMzAwMjE3MTc0ODAyWjARMQ8wDQYDVQQDDAZtYXN0ZXIwggEiMA0GCSqGSIb3DQEBAQUAA4IBDwAwggEKAoIBAQCC5UC8pmPMNNGMKI1ZJaUnDnz47OOt0lLYiKLteEwilIpZPtGGeljZduPG6kLJcezNiYVZFSwfzEidUT2tgGoxhZ7rUSpa/65LHZ7/mpOncYye6awBYLMBpAur+FyE0Y5aqqJzMmTC+CjEG0IQSRByNnjqvrDV3/dUk4DOyL57vgoO6h0ukXSqOjz48855DU2Y9PH4vKyGrcGzTn1HGq/OAOzSSJOJKufe/z5tY+9XNva6L5xohuaqCKBMw0Dj8Rrp03L9Z/TQ+3qDcPnwniX2+LnRJpOMZIOWxOrJomBUQEc55rIf69ZeT3Wo2rKlSd1HVgC2ZJqMvIFV26YWuMkDAgMBAAEwDQYJKoZIhvcNAQELBQADggEBAIA6rrMmjT5LDSF+pA/y8XcVh43wL/fizGu82X1UYT1K2+7oCRuuCIwpoYO4thezKgtpnksEjyrIm5nY0fjudhXhx91qv/DGvF1CStUX2W2sHMYpRa6EOV0qvT2mevKv3D0Mp6w3mSYd1X7EcyezX0R5gW7+rt13jqVWkYqgqU915pjwQtM774ilB74xHSjlNU6n/d1IjwzJFesRvkj3Ju/XS5262oW6DrRE7I2tm1PgEHlOPssgeqpSJeDJMDFMPVhUKN4uRzd1xU+i6fPJnhLd1gkcdK9T+k0Y4UTnuCkcZzIvXnHrhQNFL33E9dN1ubGWJsy1JVa3dcmEI47pE0I='),('dd3ecdf1-9dbc-41c7-9a83-9facb47cd631','5ba2459b-460d-4f3e-a256-7d3eb7f1e270','algorithm','HS256'),('e2fc0a31-85da-4568-8b72-995aa5fdcf88','5b42ff73-ad39-4c38-b0c7-3c5478c17ca4','allowed-protocol-mapper-types','oidc-sha256-pairwise-sub-mapper'),('ed7acd5f-badf-4bc2-901b-b18c735fbea5','0332473b-6679-45c0-add5-2d5c59a76437','max-clients','200'),('ee4c1419-6e0c-4ea0-b435-04baea1d63e3','5b42ff73-ad39-4c38-b0c7-3c5478c17ca4','allowed-protocol-mapper-types','oidc-full-name-mapper'),('ef769939-1e30-441c-8361-b0d16922c0f7','4a5bb109-4e22-40f3-b84c-688c43cec766','allowed-protocol-mapper-types','saml-role-list-mapper'),('efc0bc54-196d-4dab-84c3-dc9c32481ea9','5ba2459b-460d-4f3e-a256-7d3eb7f1e270','priority','100'),('f32220c5-00be-44db-9a50-fc4d12ccd344','4a5bb109-4e22-40f3-b84c-688c43cec766','allowed-protocol-mapper-types','saml-user-attribute-mapper'),('f40c8234-5a65-49ba-8b29-ece45a8ecd7a','509e9f0c-56c5-455e-abe3-14bdf3dacf20','algorithm','HS256'),('f5ed6f8a-b44f-457d-8a6e-a15bffac8463','4c21f57f-e666-4734-ba59-7ff4243e90e8','priority','100'),('f8f7810c-e1e9-46e4-9e84-02205237fef7','4c21f57f-e666-4734-ba59-7ff4243e90e8','certificate','MIIClTCCAX0CBgFwtZILyzANBgkqhkiG9w0BAQsFADAOMQwwCgYDVQQDDANKQ1AwHhcNMjAwMzA3MTUxNTEyWhcNMzAwMzA3MTUxNjUyWjAOMQwwCgYDVQQDDANKQ1AwggEiMA0GCSqGSIb3DQEBAQUAA4IBDwAwggEKAoIBAQC+KdW7bWGCV1CaREfjlD3vFspbXeXr/Fz2EraDWB0lzXKT08B1OxOLfUS1C2Yw5OM1KKa7jsMvpQN9CwaM5HgUQUgosgApIfP1xoPG3a+zdstqZYA+W+kfGx451tTjT3/r4oPRYTUkUwIx2H5WtbnS/9fYAIA2hTm/1mDbcKV6AyemOEoO5tAtxY4NJL6Cy72XxyrSJo+pCzoSRhrBmrIvBW8o39X7MEIGis8VjiwObIU1AAVFWYqKBYXxATM6b80dn11qvp9nK5txvTRdSHCxl/YUPxoAltRcIEZXw0Hu5Ym0lC4+C9k4H13m4+YCc1LUOU0NYbc5z4mhCcTZLu7LAgMBAAEwDQYJKoZIhvcNAQELBQADggEBAJq9NX91gj6jnoBkpDsswZeRCr4KD/oMEja/cHzUJRr/ifs70+zy+jQ8dATNo2jOvXYxqneX40JFwjIYFDpDWDMpMIrlbCI7Js7nUcW3sKQ3BIC1eIo6rtoyMth2RD203RTDQPGj0FJQpi7miODIWgAAFtpLDFO9U2qpvax5ZiMC/q1m0tteEo44jv+cTI1F3Z4cGkXxJhk0U4jGM0i+zy4HmZ1Oe4HLTNZ2/KYPAzQ7osVVoqEgOytwrr4L5olQJlYy0b2VfOv9uxwcl+f58gLuDhK034dEJAUOSwCYxDe/3nkOk6CYxr07Tag01+AKbjiqX1/CNxJFtV/M/fWsAD4='),('fd815aa0-eeb8-44a2-955c-aca628cb11c0','470e62bc-430a-4907-a4c4-65f045164211','allow-default-scopes','true'),('ff5f1ee0-9e34-4683-beca-90f231835693','4236059f-479d-4144-997c-8cf491311d54','allowed-protocol-mapper-types','oidc-usermodel-attribute-mapper');
/*!40000 ALTER TABLE `COMPONENT_CONFIG` ENABLE KEYS */;
UNLOCK TABLES;

--
-- Dumping data for table `COMPOSITE_ROLE`
--

LOCK TABLES `COMPOSITE_ROLE` WRITE;
/*!40000 ALTER TABLE `COMPOSITE_ROLE` DISABLE KEYS */;
INSERT INTO `COMPOSITE_ROLE` VALUES ('52f4b1db-e152-4ce1-a49d-533301a31ea7','5417d6a8-173e-4ee0-9ac5-a5c91d7fa393'),('52f4b1db-e152-4ce1-a49d-533301a31ea7','8c1cea89-06fd-46d5-b491-cd6419749ad4'),('648c76ec-b319-462d-9bf6-023d2e33dec4','6dac6e62-5e41-4a57-b0be-d4eca113edc2'),('65b2126e-5ae7-4d9b-9a79-a3c52594ec20','db647d86-8112-41e6-bf69-0ffb8391f44d'),('6a542746-9511-444e-868a-9ffa468ea452','0b8358a0-8d0c-41b1-a518-37ab5b6b183f'),('8080ac26-8182-48f9-9f11-3c9e4320db5a','eb83b771-450e-4229-b09a-445bcc515114'),('8e15085b-1d71-4842-a474-294fe69fb46c','13107b14-f4f8-4457-89d5-e6ca110d4614'),('8e15085b-1d71-4842-a474-294fe69fb46c','16677ca1-9121-498c-92ea-1be759541d3e'),('8e15085b-1d71-4842-a474-294fe69fb46c','28deb9f7-99ee-4fdc-b2db-35cb8931b54a'),('8e15085b-1d71-4842-a474-294fe69fb46c','4787f732-605e-4156-9307-24ac09ea6f43'),('8e15085b-1d71-4842-a474-294fe69fb46c','5ee71034-396e-4da4-acd9-ecde3be49157'),('8e15085b-1d71-4842-a474-294fe69fb46c','69be48fc-54cd-42bc-9cab-b1f9b6ad0e28'),('8e15085b-1d71-4842-a474-294fe69fb46c','6a5c3a38-426e-4d70-8abd-311d366b83a5'),('8e15085b-1d71-4842-a474-294fe69fb46c','6b9bb1f8-3d8e-4c78-93df-847967d21d0c'),('8e15085b-1d71-4842-a474-294fe69fb46c','794793db-6bd2-4371-8da8-74df1d9d9fe9'),('8e15085b-1d71-4842-a474-294fe69fb46c','874ea9dc-1b3a-4763-818f-aab58789fe5f'),('8e15085b-1d71-4842-a474-294fe69fb46c','96de5280-72eb-4cb3-8ca6-d297c500b70e'),('8e15085b-1d71-4842-a474-294fe69fb46c','b1be621d-3137-4c1c-92cc-c3ec79f9a03b'),('8e15085b-1d71-4842-a474-294fe69fb46c','b9f30839-863c-4678-9e01-863ede7721bb'),('8e15085b-1d71-4842-a474-294fe69fb46c','e1afcadf-52bd-4d8a-9b03-4caa91f3997f'),('8e15085b-1d71-4842-a474-294fe69fb46c','e46e4420-f60b-4f7c-84cd-fc1d3b2267b4'),('8e15085b-1d71-4842-a474-294fe69fb46c','e55973b2-1258-4b99-8bba-2237b624d85a'),('8e15085b-1d71-4842-a474-294fe69fb46c','ec8272dd-7dd5-4fbb-b3a6-d527c2e5862e'),('8e15085b-1d71-4842-a474-294fe69fb46c','f323f7fc-ff30-4f37-9f9e-2765e34f9032'),('96de5280-72eb-4cb3-8ca6-d297c500b70e','5ee71034-396e-4da4-acd9-ecde3be49157'),('98b6cd9c-1f78-47e1-be60-63a1bc27cb82','01540585-efc5-4054-b815-1156488bf1da'),('98b6cd9c-1f78-47e1-be60-63a1bc27cb82','018a286c-a66b-4208-ae01-3af68343cd90'),('98b6cd9c-1f78-47e1-be60-63a1bc27cb82','0b8358a0-8d0c-41b1-a518-37ab5b6b183f'),('98b6cd9c-1f78-47e1-be60-63a1bc27cb82','0e814370-1f59-4aa7-b026-4c0039e66647'),('98b6cd9c-1f78-47e1-be60-63a1bc27cb82','17cad170-b142-4ff9-ad1b-82f86f1d15a8'),('98b6cd9c-1f78-47e1-be60-63a1bc27cb82','1e23adaf-f339-4969-b60e-31d2636a4316'),('98b6cd9c-1f78-47e1-be60-63a1bc27cb82','22beaf2c-0796-4568-bcb9-f6d6d59f0ed9'),('98b6cd9c-1f78-47e1-be60-63a1bc27cb82','29cdedf1-ef75-45b4-b2c2-e409780f5a54'),('98b6cd9c-1f78-47e1-be60-63a1bc27cb82','502faa70-423e-4889-a954-42974eceb38d'),('98b6cd9c-1f78-47e1-be60-63a1bc27cb82','52f4b1db-e152-4ce1-a49d-533301a31ea7'),('98b6cd9c-1f78-47e1-be60-63a1bc27cb82','5396a429-ddd5-49ef-9414-731cbd3c599f'),('98b6cd9c-1f78-47e1-be60-63a1bc27cb82','5417d6a8-173e-4ee0-9ac5-a5c91d7fa393'),('98b6cd9c-1f78-47e1-be60-63a1bc27cb82','5976ad3f-b467-4474-9a1f-474d7d374341'),('98b6cd9c-1f78-47e1-be60-63a1bc27cb82','65b2126e-5ae7-4d9b-9a79-a3c52594ec20'),('98b6cd9c-1f78-47e1-be60-63a1bc27cb82','68b5fc5a-3d9f-46ca-a292-afc07cce89dc'),('98b6cd9c-1f78-47e1-be60-63a1bc27cb82','6a542746-9511-444e-868a-9ffa468ea452'),('98b6cd9c-1f78-47e1-be60-63a1bc27cb82','7edb8547-653a-4593-a77f-e15ae37ade8e'),('98b6cd9c-1f78-47e1-be60-63a1bc27cb82','8487061c-2fed-482e-b589-af47b90400f2'),('98b6cd9c-1f78-47e1-be60-63a1bc27cb82','88ba148c-9a02-424c-b9cb-eb7a440c942e'),('98b6cd9c-1f78-47e1-be60-63a1bc27cb82','8c1cea89-06fd-46d5-b491-cd6419749ad4'),('98b6cd9c-1f78-47e1-be60-63a1bc27cb82','a11f640b-bc47-4221-9da9-4de16e3fc014'),('98b6cd9c-1f78-47e1-be60-63a1bc27cb82','aaed2533-7fea-42ab-bd2f-bb3c055faea8'),('98b6cd9c-1f78-47e1-be60-63a1bc27cb82','ac0be068-201d-4f85-a641-8cfa96f7fcda'),('98b6cd9c-1f78-47e1-be60-63a1bc27cb82','b1067e4c-97e5-439c-a429-ebae5915d94f'),('98b6cd9c-1f78-47e1-be60-63a1bc27cb82','b6f46621-8414-40ab-84a9-f4cf551493eb'),('98b6cd9c-1f78-47e1-be60-63a1bc27cb82','b8675ad0-9b2e-439a-a342-fece7ccb4275'),('98b6cd9c-1f78-47e1-be60-63a1bc27cb82','b90ee8cf-d9c1-48d1-8604-434a4bbe029e'),('98b6cd9c-1f78-47e1-be60-63a1bc27cb82','bd847e15-4d2e-4864-9ef2-fc73931e2f17'),('98b6cd9c-1f78-47e1-be60-63a1bc27cb82','d608d062-5a86-45b4-9f33-a811a82ed902'),('98b6cd9c-1f78-47e1-be60-63a1bc27cb82','db647d86-8112-41e6-bf69-0ffb8391f44d'),('98b6cd9c-1f78-47e1-be60-63a1bc27cb82','db789987-c37f-48ad-8fde-a04ca6d579d8'),('98b6cd9c-1f78-47e1-be60-63a1bc27cb82','ddbb359e-2c9e-41e0-a162-31499eaffb0c'),('98b6cd9c-1f78-47e1-be60-63a1bc27cb82','ed004dc9-77ff-46a9-b4aa-994d286a03dd'),('98b6cd9c-1f78-47e1-be60-63a1bc27cb82','f3bc33f1-8789-4c0b-be7f-328457f6219a'),('98b6cd9c-1f78-47e1-be60-63a1bc27cb82','f42f3d16-9a6b-4337-b65d-81fbf59712a7'),('98b6cd9c-1f78-47e1-be60-63a1bc27cb82','f7a756fd-dea4-44dd-bcd4-d4c314f58bde'),('98b6cd9c-1f78-47e1-be60-63a1bc27cb82','fcb35559-33b6-4b50-a130-30784f9ee07c'),('9afbf3a3-bf46-4c5c-aa34-608a694100a0','d83d5629-fd62-4ec9-830c-f6a21b286a46'),('b1067e4c-97e5-439c-a429-ebae5915d94f','8487061c-2fed-482e-b589-af47b90400f2'),('b1067e4c-97e5-439c-a429-ebae5915d94f','f7a756fd-dea4-44dd-bcd4-d4c314f58bde'),('b1be621d-3137-4c1c-92cc-c3ec79f9a03b','13107b14-f4f8-4457-89d5-e6ca110d4614'),('b1be621d-3137-4c1c-92cc-c3ec79f9a03b','b9f30839-863c-4678-9e01-863ede7721bb'),('f66031c1-bbfc-4770-987c-e9fe2af07f9c','fd4edf75-cebe-4ec0-b296-5f7881e2a1b8');
/*!40000 ALTER TABLE `COMPOSITE_ROLE` ENABLE KEYS */;
UNLOCK TABLES;

--
-- Dumping data for table `CREDENTIAL`
--

LOCK TABLES `CREDENTIAL` WRITE;
/*!40000 ALTER TABLE `CREDENTIAL` DISABLE KEYS */;
INSERT INTO `CREDENTIAL` VALUES ('152617c3-2dd9-4d09-82a1-b593a559832b',NULL,'password','3d6bd9ed-8d63-43d6-a465-dbe9029e04c8',1583603884792,NULL,'{\"value\":\"EaPyeSBi1K6g5/ZV3yVvhiJ1pQATeWL66gCLZdORFogOeMbl21Z/VIT6tr9v5JhYY3LjCom2Qjj01JWn/KMk0Q==\",\"salt\":\"kmOR8W5Qa7zdK9+59KgCng==\"}','{\"hashIterations\":27500,\"algorithm\":\"pbkdf2-sha256\"}',10),('598ef095-4e70-4d18-8ee8-abc95a5fd7cb',NULL,'password','6d53cc4f-7375-4eb4-801e-ad1590a0799e',1581961683405,NULL,'{\"value\":\"vV8QyV38+389TGakGkZvMdn5T5Q3e7pmAM2wVWvgRkqJbUFO7M1REVDKST81pdYPa6C10A+dYAq+aVmO27lGkw==\",\"salt\":\"ZhAqYt3lQ+/p8Z8mf2apWA==\"}','{\"hashIterations\":27500,\"algorithm\":\"pbkdf2-sha256\"}',10),('d975d388-e912-439d-b13e-63a4ef92a120',NULL,'password','67de275c-1861-4e86-8e03-2ef643c8a592',1583746021786,NULL,'{\"value\":\"y+/XLcAesMvYadFzvJ+j7+9CoHWn5RTPTf0jHLTPpNMzVioYtIQuztDAdT7V5TDJMCMM/h1o/D5+laG1mWfRtg==\",\"salt\":\"QxB7wwfl2uSV1VwrXy0Fyw==\"}','{\"hashIterations\":27500,\"algorithm\":\"pbkdf2-sha256\"}',10);
/*!40000 ALTER TABLE `CREDENTIAL` ENABLE KEYS */;
UNLOCK TABLES;

--
-- Dumping data for table `DATABASECHANGELOG`
--

LOCK TABLES `DATABASECHANGELOG` WRITE;
/*!40000 ALTER TABLE `DATABASECHANGELOG` DISABLE KEYS */;
INSERT INTO `DATABASECHANGELOG` VALUES ('1.0.0.Final-KEYCLOAK-5461','sthorger@redhat.com','META-INF/jpa-changelog-1.0.0.Final.xml','2020-02-17 17:44:47',1,'EXECUTED','7:4e70412f24a3f382c82183742ec79317','createTable tableName=APPLICATION_DEFAULT_ROLES; createTable tableName=CLIENT; createTable tableName=CLIENT_SESSION; createTable tableName=CLIENT_SESSION_ROLE; createTable tableName=COMPOSITE_ROLE; createTable tableName=CREDENTIAL; createTable tab...','',NULL,'3.5.4',NULL,NULL,'1961454280'),('1.0.0.Final-KEYCLOAK-5461','sthorger@redhat.com','META-INF/db2-jpa-changelog-1.0.0.Final.xml','2020-02-17 17:44:47',2,'MARK_RAN','7:cb16724583e9675711801c6875114f28','createTable tableName=APPLICATION_DEFAULT_ROLES; createTable tableName=CLIENT; createTable tableName=CLIENT_SESSION; createTable tableName=CLIENT_SESSION_ROLE; createTable tableName=COMPOSITE_ROLE; createTable tableName=CREDENTIAL; createTable tab...','',NULL,'3.5.4',NULL,NULL,'1961454280'),('1.1.0.Beta1','sthorger@redhat.com','META-INF/jpa-changelog-1.1.0.Beta1.xml','2020-02-17 17:44:53',3,'EXECUTED','7:0310eb8ba07cec616460794d42ade0fa','delete tableName=CLIENT_SESSION_ROLE; delete tableName=CLIENT_SESSION; delete tableName=USER_SESSION; createTable tableName=CLIENT_ATTRIBUTES; createTable tableName=CLIENT_SESSION_NOTE; createTable tableName=APP_NODE_REGISTRATIONS; addColumn table...','',NULL,'3.5.4',NULL,NULL,'1961454280'),('1.1.0.Final','sthorger@redhat.com','META-INF/jpa-changelog-1.1.0.Final.xml','2020-02-17 17:44:53',4,'EXECUTED','7:5d25857e708c3233ef4439df1f93f012','renameColumn newColumnName=EVENT_TIME, oldColumnName=TIME, tableName=EVENT_ENTITY','',NULL,'3.5.4',NULL,NULL,'1961454280'),('1.2.0.Beta1','psilva@redhat.com','META-INF/jpa-changelog-1.2.0.Beta1.xml','2020-02-17 17:45:09',5,'EXECUTED','7:c7a54a1041d58eb3817a4a883b4d4e84','delete tableName=CLIENT_SESSION_ROLE; delete tableName=CLIENT_SESSION_NOTE; delete tableName=CLIENT_SESSION; delete tableName=USER_SESSION; createTable tableName=PROTOCOL_MAPPER; createTable tableName=PROTOCOL_MAPPER_CONFIG; createTable tableName=...','',NULL,'3.5.4',NULL,NULL,'1961454280'),('1.2.0.Beta1','psilva@redhat.com','META-INF/db2-jpa-changelog-1.2.0.Beta1.xml','2020-02-17 17:45:09',6,'MARK_RAN','7:2e01012df20974c1c2a605ef8afe25b7','delete tableName=CLIENT_SESSION_ROLE; delete tableName=CLIENT_SESSION_NOTE; delete tableName=CLIENT_SESSION; delete tableName=USER_SESSION; createTable tableName=PROTOCOL_MAPPER; createTable tableName=PROTOCOL_MAPPER_CONFIG; createTable tableName=...','',NULL,'3.5.4',NULL,NULL,'1961454280'),('1.2.0.RC1','bburke@redhat.com','META-INF/jpa-changelog-1.2.0.CR1.xml','2020-02-17 17:45:22',7,'EXECUTED','7:0f08df48468428e0f30ee59a8ec01a41','delete tableName=CLIENT_SESSION_ROLE; delete tableName=CLIENT_SESSION_NOTE; delete tableName=CLIENT_SESSION; delete tableName=USER_SESSION_NOTE; delete tableName=USER_SESSION; createTable tableName=MIGRATION_MODEL; createTable tableName=IDENTITY_P...','',NULL,'3.5.4',NULL,NULL,'1961454280'),('1.2.0.RC1','bburke@redhat.com','META-INF/db2-jpa-changelog-1.2.0.CR1.xml','2020-02-17 17:45:22',8,'MARK_RAN','7:a77ea2ad226b345e7d689d366f185c8c','delete tableName=CLIENT_SESSION_ROLE; delete tableName=CLIENT_SESSION_NOTE; delete tableName=CLIENT_SESSION; delete tableName=USER_SESSION_NOTE; delete tableName=USER_SESSION; createTable tableName=MIGRATION_MODEL; createTable tableName=IDENTITY_P...','',NULL,'3.5.4',NULL,NULL,'1961454280'),('1.2.0.Final','keycloak','META-INF/jpa-changelog-1.2.0.Final.xml','2020-02-17 17:45:22',9,'EXECUTED','7:a3377a2059aefbf3b90ebb4c4cc8e2ab','update tableName=CLIENT; update tableName=CLIENT; update tableName=CLIENT','',NULL,'3.5.4',NULL,NULL,'1961454280'),('1.3.0','bburke@redhat.com','META-INF/jpa-changelog-1.3.0.xml','2020-02-17 17:45:35',10,'EXECUTED','7:04c1dbedc2aa3e9756d1a1668e003451','delete tableName=CLIENT_SESSION_ROLE; delete tableName=CLIENT_SESSION_PROT_MAPPER; delete tableName=CLIENT_SESSION_NOTE; delete tableName=CLIENT_SESSION; delete tableName=USER_SESSION_NOTE; delete tableName=USER_SESSION; createTable tableName=ADMI...','',NULL,'3.5.4',NULL,NULL,'1961454280'),('1.4.0','bburke@redhat.com','META-INF/jpa-changelog-1.4.0.xml','2020-02-17 17:45:42',11,'EXECUTED','7:36ef39ed560ad07062d956db861042ba','delete tableName=CLIENT_SESSION_AUTH_STATUS; delete tableName=CLIENT_SESSION_ROLE; delete tableName=CLIENT_SESSION_PROT_MAPPER; delete tableName=CLIENT_SESSION_NOTE; delete tableName=CLIENT_SESSION; delete tableName=USER_SESSION_NOTE; delete table...','',NULL,'3.5.4',NULL,NULL,'1961454280'),('1.4.0','bburke@redhat.com','META-INF/db2-jpa-changelog-1.4.0.xml','2020-02-17 17:45:42',12,'MARK_RAN','7:d909180b2530479a716d3f9c9eaea3d7','delete tableName=CLIENT_SESSION_AUTH_STATUS; delete tableName=CLIENT_SESSION_ROLE; delete tableName=CLIENT_SESSION_PROT_MAPPER; delete tableName=CLIENT_SESSION_NOTE; delete tableName=CLIENT_SESSION; delete tableName=USER_SESSION_NOTE; delete table...','',NULL,'3.5.4',NULL,NULL,'1961454280'),('1.5.0','bburke@redhat.com','META-INF/jpa-changelog-1.5.0.xml','2020-02-17 17:45:43',13,'EXECUTED','7:cf12b04b79bea5152f165eb41f3955f6','delete tableName=CLIENT_SESSION_AUTH_STATUS; delete tableName=CLIENT_SESSION_ROLE; delete tableName=CLIENT_SESSION_PROT_MAPPER; delete tableName=CLIENT_SESSION_NOTE; delete tableName=CLIENT_SESSION; delete tableName=USER_SESSION_NOTE; delete table...','',NULL,'3.5.4',NULL,NULL,'1961454280'),('1.6.1_from15','mposolda@redhat.com','META-INF/jpa-changelog-1.6.1.xml','2020-02-17 17:45:46',14,'EXECUTED','7:7e32c8f05c755e8675764e7d5f514509','addColumn tableName=REALM; addColumn tableName=KEYCLOAK_ROLE; addColumn tableName=CLIENT; createTable tableName=OFFLINE_USER_SESSION; createTable tableName=OFFLINE_CLIENT_SESSION; addPrimaryKey constraintName=CONSTRAINT_OFFL_US_SES_PK2, tableName=...','',NULL,'3.5.4',NULL,NULL,'1961454280'),('1.6.1_from16-pre','mposolda@redhat.com','META-INF/jpa-changelog-1.6.1.xml','2020-02-17 17:45:46',15,'MARK_RAN','7:980ba23cc0ec39cab731ce903dd01291','delete tableName=OFFLINE_CLIENT_SESSION; delete tableName=OFFLINE_USER_SESSION','',NULL,'3.5.4',NULL,NULL,'1961454280'),('1.6.1_from16','mposolda@redhat.com','META-INF/jpa-changelog-1.6.1.xml','2020-02-17 17:45:46',16,'MARK_RAN','7:2fa220758991285312eb84f3b4ff5336','dropPrimaryKey constraintName=CONSTRAINT_OFFLINE_US_SES_PK, tableName=OFFLINE_USER_SESSION; dropPrimaryKey constraintName=CONSTRAINT_OFFLINE_CL_SES_PK, tableName=OFFLINE_CLIENT_SESSION; addColumn tableName=OFFLINE_USER_SESSION; update tableName=OF...','',NULL,'3.5.4',NULL,NULL,'1961454280'),('1.6.1','mposolda@redhat.com','META-INF/jpa-changelog-1.6.1.xml','2020-02-17 17:45:46',17,'EXECUTED','7:d41d8cd98f00b204e9800998ecf8427e','empty','',NULL,'3.5.4',NULL,NULL,'1961454280'),('1.7.0','bburke@redhat.com','META-INF/jpa-changelog-1.7.0.xml','2020-02-17 17:45:56',18,'EXECUTED','7:91ace540896df890cc00a0490ee52bbc','createTable tableName=KEYCLOAK_GROUP; createTable tableName=GROUP_ROLE_MAPPING; createTable tableName=GROUP_ATTRIBUTE; createTable tableName=USER_GROUP_MEMBERSHIP; createTable tableName=REALM_DEFAULT_GROUPS; addColumn tableName=IDENTITY_PROVIDER; ...','',NULL,'3.5.4',NULL,NULL,'1961454280'),('1.8.0','mposolda@redhat.com','META-INF/jpa-changelog-1.8.0.xml','2020-02-17 17:46:05',19,'EXECUTED','7:c31d1646dfa2618a9335c00e07f89f24','addColumn tableName=IDENTITY_PROVIDER; createTable tableName=CLIENT_TEMPLATE; createTable tableName=CLIENT_TEMPLATE_ATTRIBUTES; createTable tableName=TEMPLATE_SCOPE_MAPPING; dropNotNullConstraint columnName=CLIENT_ID, tableName=PROTOCOL_MAPPER; ad...','',NULL,'3.5.4',NULL,NULL,'1961454280'),('1.8.0-2','keycloak','META-INF/jpa-changelog-1.8.0.xml','2020-02-17 17:46:05',20,'EXECUTED','7:df8bc21027a4f7cbbb01f6344e89ce07','dropDefaultValue columnName=ALGORITHM, tableName=CREDENTIAL; update tableName=CREDENTIAL','',NULL,'3.5.4',NULL,NULL,'1961454280'),('1.8.0','mposolda@redhat.com','META-INF/db2-jpa-changelog-1.8.0.xml','2020-02-17 17:46:05',21,'MARK_RAN','7:f987971fe6b37d963bc95fee2b27f8df','addColumn tableName=IDENTITY_PROVIDER; createTable tableName=CLIENT_TEMPLATE; createTable tableName=CLIENT_TEMPLATE_ATTRIBUTES; createTable tableName=TEMPLATE_SCOPE_MAPPING; dropNotNullConstraint columnName=CLIENT_ID, tableName=PROTOCOL_MAPPER; ad...','',NULL,'3.5.4',NULL,NULL,'1961454280'),('1.8.0-2','keycloak','META-INF/db2-jpa-changelog-1.8.0.xml','2020-02-17 17:46:05',22,'MARK_RAN','7:df8bc21027a4f7cbbb01f6344e89ce07','dropDefaultValue columnName=ALGORITHM, tableName=CREDENTIAL; update tableName=CREDENTIAL','',NULL,'3.5.4',NULL,NULL,'1961454280'),('1.9.0','mposolda@redhat.com','META-INF/jpa-changelog-1.9.0.xml','2020-02-17 17:46:07',23,'EXECUTED','7:ed2dc7f799d19ac452cbcda56c929e47','update tableName=REALM; update tableName=REALM; update tableName=REALM; update tableName=REALM; update tableName=CREDENTIAL; update tableName=CREDENTIAL; update tableName=CREDENTIAL; update tableName=REALM; update tableName=REALM; customChange; dr...','',NULL,'3.5.4',NULL,NULL,'1961454280'),('1.9.1','keycloak','META-INF/jpa-changelog-1.9.1.xml','2020-02-17 17:46:07',24,'EXECUTED','7:80b5db88a5dda36ece5f235be8757615','modifyDataType columnName=PRIVATE_KEY, tableName=REALM; modifyDataType columnName=PUBLIC_KEY, tableName=REALM; modifyDataType columnName=CERTIFICATE, tableName=REALM','',NULL,'3.5.4',NULL,NULL,'1961454280'),('1.9.1','keycloak','META-INF/db2-jpa-changelog-1.9.1.xml','2020-02-17 17:46:07',25,'MARK_RAN','7:1437310ed1305a9b93f8848f301726ce','modifyDataType columnName=PRIVATE_KEY, tableName=REALM; modifyDataType columnName=CERTIFICATE, tableName=REALM','',NULL,'3.5.4',NULL,NULL,'1961454280'),('1.9.2','keycloak','META-INF/jpa-changelog-1.9.2.xml','2020-02-17 17:46:09',26,'EXECUTED','7:b82ffb34850fa0836be16deefc6a87c4','createIndex indexName=IDX_USER_EMAIL, tableName=USER_ENTITY; createIndex indexName=IDX_USER_ROLE_MAPPING, tableName=USER_ROLE_MAPPING; createIndex indexName=IDX_USER_GROUP_MAPPING, tableName=USER_GROUP_MEMBERSHIP; createIndex indexName=IDX_USER_CO...','',NULL,'3.5.4',NULL,NULL,'1961454280'),('authz-2.0.0','psilva@redhat.com','META-INF/jpa-changelog-authz-2.0.0.xml','2020-02-17 17:46:22',27,'EXECUTED','7:9cc98082921330d8d9266decdd4bd658','createTable tableName=RESOURCE_SERVER; addPrimaryKey constraintName=CONSTRAINT_FARS, tableName=RESOURCE_SERVER; addUniqueConstraint constraintName=UK_AU8TT6T700S9V50BU18WS5HA6, tableName=RESOURCE_SERVER; createTable tableName=RESOURCE_SERVER_RESOU...','',NULL,'3.5.4',NULL,NULL,'1961454280'),('authz-2.5.1','psilva@redhat.com','META-INF/jpa-changelog-authz-2.5.1.xml','2020-02-17 17:46:22',28,'EXECUTED','7:03d64aeed9cb52b969bd30a7ac0db57e','update tableName=RESOURCE_SERVER_POLICY','',NULL,'3.5.4',NULL,NULL,'1961454280'),('2.1.0-KEYCLOAK-5461','bburke@redhat.com','META-INF/jpa-changelog-2.1.0.xml','2020-02-17 17:46:29',29,'EXECUTED','7:f1f9fd8710399d725b780f463c6b21cd','createTable tableName=BROKER_LINK; createTable tableName=FED_USER_ATTRIBUTE; createTable tableName=FED_USER_CONSENT; createTable tableName=FED_USER_CONSENT_ROLE; createTable tableName=FED_USER_CONSENT_PROT_MAPPER; createTable tableName=FED_USER_CR...','',NULL,'3.5.4',NULL,NULL,'1961454280'),('2.2.0','bburke@redhat.com','META-INF/jpa-changelog-2.2.0.xml','2020-02-17 17:46:31',30,'EXECUTED','7:53188c3eb1107546e6f765835705b6c1','addColumn tableName=ADMIN_EVENT_ENTITY; createTable tableName=CREDENTIAL_ATTRIBUTE; createTable tableName=FED_CREDENTIAL_ATTRIBUTE; modifyDataType columnName=VALUE, tableName=CREDENTIAL; addForeignKeyConstraint baseTableName=FED_CREDENTIAL_ATTRIBU...','',NULL,'3.5.4',NULL,NULL,'1961454280'),('2.3.0','bburke@redhat.com','META-INF/jpa-changelog-2.3.0.xml','2020-02-17 17:46:35',31,'EXECUTED','7:d6e6f3bc57a0c5586737d1351725d4d4','createTable tableName=FEDERATED_USER; addPrimaryKey constraintName=CONSTR_FEDERATED_USER, tableName=FEDERATED_USER; dropDefaultValue columnName=TOTP, tableName=USER_ENTITY; dropColumn columnName=TOTP, tableName=USER_ENTITY; addColumn tableName=IDE...','',NULL,'3.5.4',NULL,NULL,'1961454280'),('2.4.0','bburke@redhat.com','META-INF/jpa-changelog-2.4.0.xml','2020-02-17 17:46:35',32,'EXECUTED','7:454d604fbd755d9df3fd9c6329043aa5','customChange','',NULL,'3.5.4',NULL,NULL,'1961454280'),('2.5.0','bburke@redhat.com','META-INF/jpa-changelog-2.5.0.xml','2020-02-17 17:46:35',33,'EXECUTED','7:57e98a3077e29caf562f7dbf80c72600','customChange; modifyDataType columnName=USER_ID, tableName=OFFLINE_USER_SESSION','',NULL,'3.5.4',NULL,NULL,'1961454280'),('2.5.0-unicode-oracle','hmlnarik@redhat.com','META-INF/jpa-changelog-2.5.0.xml','2020-02-17 17:46:35',34,'MARK_RAN','7:e4c7e8f2256210aee71ddc42f538b57a','modifyDataType columnName=DESCRIPTION, tableName=AUTHENTICATION_FLOW; modifyDataType columnName=DESCRIPTION, tableName=CLIENT_TEMPLATE; modifyDataType columnName=DESCRIPTION, tableName=RESOURCE_SERVER_POLICY; modifyDataType columnName=DESCRIPTION,...','',NULL,'3.5.4',NULL,NULL,'1961454280'),('2.5.0-unicode-other-dbs','hmlnarik@redhat.com','META-INF/jpa-changelog-2.5.0.xml','2020-02-17 17:46:45',35,'EXECUTED','7:09a43c97e49bc626460480aa1379b522','modifyDataType columnName=DESCRIPTION, tableName=AUTHENTICATION_FLOW; modifyDataType columnName=DESCRIPTION, tableName=CLIENT_TEMPLATE; modifyDataType columnName=DESCRIPTION, tableName=RESOURCE_SERVER_POLICY; modifyDataType columnName=DESCRIPTION,...','',NULL,'3.5.4',NULL,NULL,'1961454280'),('2.5.0-duplicate-email-support','slawomir@dabek.name','META-INF/jpa-changelog-2.5.0.xml','2020-02-17 17:46:46',36,'EXECUTED','7:26bfc7c74fefa9126f2ce702fb775553','addColumn tableName=REALM','',NULL,'3.5.4',NULL,NULL,'1961454280'),('2.5.0-unique-group-names','hmlnarik@redhat.com','META-INF/jpa-changelog-2.5.0.xml','2020-02-17 17:46:46',37,'EXECUTED','7:a161e2ae671a9020fff61e996a207377','addUniqueConstraint constraintName=SIBLING_NAMES, tableName=KEYCLOAK_GROUP','',NULL,'3.5.4',NULL,NULL,'1961454280'),('2.5.1','bburke@redhat.com','META-INF/jpa-changelog-2.5.1.xml','2020-02-17 17:46:46',38,'EXECUTED','7:37fc1781855ac5388c494f1442b3f717','addColumn tableName=FED_USER_CONSENT','',NULL,'3.5.4',NULL,NULL,'1961454280'),('3.0.0','bburke@redhat.com','META-INF/jpa-changelog-3.0.0.xml','2020-02-17 17:46:47',39,'EXECUTED','7:13a27db0dae6049541136adad7261d27','addColumn tableName=IDENTITY_PROVIDER','',NULL,'3.5.4',NULL,NULL,'1961454280'),('3.2.0-fix','keycloak','META-INF/jpa-changelog-3.2.0.xml','2020-02-17 17:46:47',40,'MARK_RAN','7:550300617e3b59e8af3a6294df8248a3','addNotNullConstraint columnName=REALM_ID, tableName=CLIENT_INITIAL_ACCESS','',NULL,'3.5.4',NULL,NULL,'1961454280'),('3.2.0-fix-with-keycloak-5416','keycloak','META-INF/jpa-changelog-3.2.0.xml','2020-02-17 17:46:47',41,'MARK_RAN','7:e3a9482b8931481dc2772a5c07c44f17','dropIndex indexName=IDX_CLIENT_INIT_ACC_REALM, tableName=CLIENT_INITIAL_ACCESS; addNotNullConstraint columnName=REALM_ID, tableName=CLIENT_INITIAL_ACCESS; createIndex indexName=IDX_CLIENT_INIT_ACC_REALM, tableName=CLIENT_INITIAL_ACCESS','',NULL,'3.5.4',NULL,NULL,'1961454280'),('3.2.0-fix-offline-sessions','hmlnarik','META-INF/jpa-changelog-3.2.0.xml','2020-02-17 17:46:47',42,'EXECUTED','7:72b07d85a2677cb257edb02b408f332d','customChange','',NULL,'3.5.4',NULL,NULL,'1961454280'),('3.2.0-fixed','keycloak','META-INF/jpa-changelog-3.2.0.xml','2020-02-17 17:46:57',43,'EXECUTED','7:a72a7858967bd414835d19e04d880312','addColumn tableName=REALM; dropPrimaryKey constraintName=CONSTRAINT_OFFL_CL_SES_PK2, tableName=OFFLINE_CLIENT_SESSION; dropColumn columnName=CLIENT_SESSION_ID, tableName=OFFLINE_CLIENT_SESSION; addPrimaryKey constraintName=CONSTRAINT_OFFL_CL_SES_P...','',NULL,'3.5.4',NULL,NULL,'1961454280'),('3.3.0','keycloak','META-INF/jpa-changelog-3.3.0.xml','2020-02-17 17:46:58',44,'EXECUTED','7:94edff7cf9ce179e7e85f0cd78a3cf2c','addColumn tableName=USER_ENTITY','',NULL,'3.5.4',NULL,NULL,'1961454280'),('authz-3.4.0.CR1-resource-server-pk-change-part1','glavoie@gmail.com','META-INF/jpa-changelog-authz-3.4.0.CR1.xml','2020-02-17 17:46:59',45,'EXECUTED','7:6a48ce645a3525488a90fbf76adf3bb3','addColumn tableName=RESOURCE_SERVER_POLICY; addColumn tableName=RESOURCE_SERVER_RESOURCE; addColumn tableName=RESOURCE_SERVER_SCOPE','',NULL,'3.5.4',NULL,NULL,'1961454280'),('authz-3.4.0.CR1-resource-server-pk-change-part2-KEYCLOAK-6095','hmlnarik@redhat.com','META-INF/jpa-changelog-authz-3.4.0.CR1.xml','2020-02-17 17:46:59',46,'EXECUTED','7:e64b5dcea7db06077c6e57d3b9e5ca14','customChange','',NULL,'3.5.4',NULL,NULL,'1961454280'),('authz-3.4.0.CR1-resource-server-pk-change-part3-fixed','glavoie@gmail.com','META-INF/jpa-changelog-authz-3.4.0.CR1.xml','2020-02-17 17:46:59',47,'MARK_RAN','7:fd8cf02498f8b1e72496a20afc75178c','dropIndex indexName=IDX_RES_SERV_POL_RES_SERV, tableName=RESOURCE_SERVER_POLICY; dropIndex indexName=IDX_RES_SRV_RES_RES_SRV, tableName=RESOURCE_SERVER_RESOURCE; dropIndex indexName=IDX_RES_SRV_SCOPE_RES_SRV, tableName=RESOURCE_SERVER_SCOPE','',NULL,'3.5.4',NULL,NULL,'1961454280'),('authz-3.4.0.CR1-resource-server-pk-change-part3-fixed-nodropindex','glavoie@gmail.com','META-INF/jpa-changelog-authz-3.4.0.CR1.xml','2020-02-17 17:47:07',48,'EXECUTED','7:542794f25aa2b1fbabb7e577d6646319','addNotNullConstraint columnName=RESOURCE_SERVER_CLIENT_ID, tableName=RESOURCE_SERVER_POLICY; addNotNullConstraint columnName=RESOURCE_SERVER_CLIENT_ID, tableName=RESOURCE_SERVER_RESOURCE; addNotNullConstraint columnName=RESOURCE_SERVER_CLIENT_ID, ...','',NULL,'3.5.4',NULL,NULL,'1961454280'),('authn-3.4.0.CR1-refresh-token-max-reuse','glavoie@gmail.com','META-INF/jpa-changelog-authz-3.4.0.CR1.xml','2020-02-17 17:47:08',49,'EXECUTED','7:edad604c882df12f74941dac3cc6d650','addColumn tableName=REALM','',NULL,'3.5.4',NULL,NULL,'1961454280'),('3.4.0','keycloak','META-INF/jpa-changelog-3.4.0.xml','2020-02-17 17:47:16',50,'EXECUTED','7:0f88b78b7b46480eb92690cbf5e44900','addPrimaryKey constraintName=CONSTRAINT_REALM_DEFAULT_ROLES, tableName=REALM_DEFAULT_ROLES; addPrimaryKey constraintName=CONSTRAINT_COMPOSITE_ROLE, tableName=COMPOSITE_ROLE; addPrimaryKey constraintName=CONSTR_REALM_DEFAULT_GROUPS, tableName=REALM...','',NULL,'3.5.4',NULL,NULL,'1961454280'),('3.4.0-KEYCLOAK-5230','hmlnarik@redhat.com','META-INF/jpa-changelog-3.4.0.xml','2020-02-17 17:47:18',51,'EXECUTED','7:d560e43982611d936457c327f872dd59','createIndex indexName=IDX_FU_ATTRIBUTE, tableName=FED_USER_ATTRIBUTE; createIndex indexName=IDX_FU_CONSENT, tableName=FED_USER_CONSENT; createIndex indexName=IDX_FU_CONSENT_RU, tableName=FED_USER_CONSENT; createIndex indexName=IDX_FU_CREDENTIAL, t...','',NULL,'3.5.4',NULL,NULL,'1961454280'),('3.4.1','psilva@redhat.com','META-INF/jpa-changelog-3.4.1.xml','2020-02-17 17:47:18',52,'EXECUTED','7:c155566c42b4d14ef07059ec3b3bbd8e','modifyDataType columnName=VALUE, tableName=CLIENT_ATTRIBUTES','',NULL,'3.5.4',NULL,NULL,'1961454280'),('3.4.2','keycloak','META-INF/jpa-changelog-3.4.2.xml','2020-02-17 17:47:18',53,'EXECUTED','7:b40376581f12d70f3c89ba8ddf5b7dea','update tableName=REALM','',NULL,'3.5.4',NULL,NULL,'1961454280'),('3.4.2-KEYCLOAK-5172','mkanis@redhat.com','META-INF/jpa-changelog-3.4.2.xml','2020-02-17 17:47:18',54,'EXECUTED','7:a1132cc395f7b95b3646146c2e38f168','update tableName=CLIENT','',NULL,'3.5.4',NULL,NULL,'1961454280'),('4.0.0-KEYCLOAK-6335','bburke@redhat.com','META-INF/jpa-changelog-4.0.0.xml','2020-02-17 17:47:18',55,'EXECUTED','7:d8dc5d89c789105cfa7ca0e82cba60af','createTable tableName=CLIENT_AUTH_FLOW_BINDINGS; addPrimaryKey constraintName=C_CLI_FLOW_BIND, tableName=CLIENT_AUTH_FLOW_BINDINGS','',NULL,'3.5.4',NULL,NULL,'1961454280'),('4.0.0-CLEANUP-UNUSED-TABLE','bburke@redhat.com','META-INF/jpa-changelog-4.0.0.xml','2020-02-17 17:47:18',56,'EXECUTED','7:7822e0165097182e8f653c35517656a3','dropTable tableName=CLIENT_IDENTITY_PROV_MAPPING','',NULL,'3.5.4',NULL,NULL,'1961454280'),('4.0.0-KEYCLOAK-6228','bburke@redhat.com','META-INF/jpa-changelog-4.0.0.xml','2020-02-17 17:47:21',57,'EXECUTED','7:c6538c29b9c9a08f9e9ea2de5c2b6375','dropUniqueConstraint constraintName=UK_JKUWUVD56ONTGSUHOGM8UEWRT, tableName=USER_CONSENT; dropNotNullConstraint columnName=CLIENT_ID, tableName=USER_CONSENT; addColumn tableName=USER_CONSENT; addUniqueConstraint constraintName=UK_JKUWUVD56ONTGSUHO...','',NULL,'3.5.4',NULL,NULL,'1961454280'),('4.0.0-KEYCLOAK-5579-fixed','mposolda@redhat.com','META-INF/jpa-changelog-4.0.0.xml','2020-02-17 17:47:37',58,'EXECUTED','7:6d4893e36de22369cf73bcb051ded875','dropForeignKeyConstraint baseTableName=CLIENT_TEMPLATE_ATTRIBUTES, constraintName=FK_CL_TEMPL_ATTR_TEMPL; renameTable newTableName=CLIENT_SCOPE_ATTRIBUTES, oldTableName=CLIENT_TEMPLATE_ATTRIBUTES; renameColumn newColumnName=SCOPE_ID, oldColumnName...','',NULL,'3.5.4',NULL,NULL,'1961454280'),('authz-4.0.0.CR1','psilva@redhat.com','META-INF/jpa-changelog-authz-4.0.0.CR1.xml','2020-02-17 17:47:42',59,'EXECUTED','7:57960fc0b0f0dd0563ea6f8b2e4a1707','createTable tableName=RESOURCE_SERVER_PERM_TICKET; addPrimaryKey constraintName=CONSTRAINT_FAPMT, tableName=RESOURCE_SERVER_PERM_TICKET; addForeignKeyConstraint baseTableName=RESOURCE_SERVER_PERM_TICKET, constraintName=FK_FRSRHO213XCX4WNKOG82SSPMT...','',NULL,'3.5.4',NULL,NULL,'1961454280'),('authz-4.0.0.Beta3','psilva@redhat.com','META-INF/jpa-changelog-authz-4.0.0.Beta3.xml','2020-02-17 17:47:44',60,'EXECUTED','7:2b4b8bff39944c7097977cc18dbceb3b','addColumn tableName=RESOURCE_SERVER_POLICY; addColumn tableName=RESOURCE_SERVER_PERM_TICKET; addForeignKeyConstraint baseTableName=RESOURCE_SERVER_PERM_TICKET, constraintName=FK_FRSRPO2128CX4WNKOG82SSRFY, referencedTableName=RESOURCE_SERVER_POLICY','',NULL,'3.5.4',NULL,NULL,'1961454280'),('authz-4.2.0.Final','mhajas@redhat.com','META-INF/jpa-changelog-authz-4.2.0.Final.xml','2020-02-17 17:47:45',61,'EXECUTED','7:2aa42a964c59cd5b8ca9822340ba33a8','createTable tableName=RESOURCE_URIS; addForeignKeyConstraint baseTableName=RESOURCE_URIS, constraintName=FK_RESOURCE_SERVER_URIS, referencedTableName=RESOURCE_SERVER_RESOURCE; customChange; dropColumn columnName=URI, tableName=RESOURCE_SERVER_RESO...','',NULL,'3.5.4',NULL,NULL,'1961454280'),('authz-4.2.0.Final-KEYCLOAK-9944','hmlnarik@redhat.com','META-INF/jpa-changelog-authz-4.2.0.Final.xml','2020-02-17 17:47:45',62,'EXECUTED','7:9ac9e58545479929ba23f4a3087a0346','addPrimaryKey constraintName=CONSTRAINT_RESOUR_URIS_PK, tableName=RESOURCE_URIS','',NULL,'3.5.4',NULL,NULL,'1961454280'),('4.2.0-KEYCLOAK-6313','wadahiro@gmail.com','META-INF/jpa-changelog-4.2.0.xml','2020-02-17 17:47:46',63,'EXECUTED','7:14d407c35bc4fe1976867756bcea0c36','addColumn tableName=REQUIRED_ACTION_PROVIDER','',NULL,'3.5.4',NULL,NULL,'1961454280'),('4.3.0-KEYCLOAK-7984','wadahiro@gmail.com','META-INF/jpa-changelog-4.3.0.xml','2020-02-17 17:47:46',64,'EXECUTED','7:241a8030c748c8548e346adee548fa93','update tableName=REQUIRED_ACTION_PROVIDER','',NULL,'3.5.4',NULL,NULL,'1961454280'),('4.6.0-KEYCLOAK-7950','psilva@redhat.com','META-INF/jpa-changelog-4.6.0.xml','2020-02-17 17:47:46',65,'EXECUTED','7:7d3182f65a34fcc61e8d23def037dc3f','update tableName=RESOURCE_SERVER_RESOURCE','',NULL,'3.5.4',NULL,NULL,'1961454280'),('4.6.0-KEYCLOAK-8377','keycloak','META-INF/jpa-changelog-4.6.0.xml','2020-02-17 17:47:47',66,'EXECUTED','7:b30039e00a0b9715d430d1b0636728fa','createTable tableName=ROLE_ATTRIBUTE; addPrimaryKey constraintName=CONSTRAINT_ROLE_ATTRIBUTE_PK, tableName=ROLE_ATTRIBUTE; addForeignKeyConstraint baseTableName=ROLE_ATTRIBUTE, constraintName=FK_ROLE_ATTRIBUTE_ID, referencedTableName=KEYCLOAK_ROLE...','',NULL,'3.5.4',NULL,NULL,'1961454280'),('4.6.0-KEYCLOAK-8555','gideonray@gmail.com','META-INF/jpa-changelog-4.6.0.xml','2020-02-17 17:47:47',67,'EXECUTED','7:3797315ca61d531780f8e6f82f258159','createIndex indexName=IDX_COMPONENT_PROVIDER_TYPE, tableName=COMPONENT','',NULL,'3.5.4',NULL,NULL,'1961454280'),('4.7.0-KEYCLOAK-1267','sguilhen@redhat.com','META-INF/jpa-changelog-4.7.0.xml','2020-02-17 17:47:47',68,'EXECUTED','7:c7aa4c8d9573500c2d347c1941ff0301','addColumn tableName=REALM','',NULL,'3.5.4',NULL,NULL,'1961454280'),('4.7.0-KEYCLOAK-7275','keycloak','META-INF/jpa-changelog-4.7.0.xml','2020-02-17 17:47:48',69,'EXECUTED','7:b207faee394fc074a442ecd42185a5dd','renameColumn newColumnName=CREATED_ON, oldColumnName=LAST_SESSION_REFRESH, tableName=OFFLINE_USER_SESSION; addNotNullConstraint columnName=CREATED_ON, tableName=OFFLINE_USER_SESSION; addColumn tableName=OFFLINE_USER_SESSION; customChange; createIn...','',NULL,'3.5.4',NULL,NULL,'1961454280'),('4.8.0-KEYCLOAK-8835','sguilhen@redhat.com','META-INF/jpa-changelog-4.8.0.xml','2020-02-17 17:47:49',70,'EXECUTED','7:ab9a9762faaba4ddfa35514b212c4922','addNotNullConstraint columnName=SSO_MAX_LIFESPAN_REMEMBER_ME, tableName=REALM; addNotNullConstraint columnName=SSO_IDLE_TIMEOUT_REMEMBER_ME, tableName=REALM','',NULL,'3.5.4',NULL,NULL,'1961454280'),('authz-7.0.0-KEYCLOAK-10443','psilva@redhat.com','META-INF/jpa-changelog-authz-7.0.0.xml','2020-02-17 17:47:49',71,'EXECUTED','7:b9710f74515a6ccb51b72dc0d19df8c4','addColumn tableName=RESOURCE_SERVER','',NULL,'3.5.4',NULL,NULL,'1961454280'),('8.0.0-adding-credential-columns','keycloak','META-INF/jpa-changelog-8.0.0.xml','2020-02-17 17:47:50',72,'EXECUTED','7:ec9707ae4d4f0b7452fee20128083879','addColumn tableName=CREDENTIAL; addColumn tableName=FED_USER_CREDENTIAL','',NULL,'3.5.4',NULL,NULL,'1961454280'),('8.0.0-updating-credential-data-not-oracle','keycloak','META-INF/jpa-changelog-8.0.0.xml','2020-02-17 17:47:50',73,'EXECUTED','7:03b3f4b264c3c68ba082250a80b74216','update tableName=CREDENTIAL; update tableName=CREDENTIAL; update tableName=CREDENTIAL; update tableName=FED_USER_CREDENTIAL; update tableName=FED_USER_CREDENTIAL; update tableName=FED_USER_CREDENTIAL','',NULL,'3.5.4',NULL,NULL,'1961454280'),('8.0.0-updating-credential-data-oracle','keycloak','META-INF/jpa-changelog-8.0.0.xml','2020-02-17 17:47:50',74,'MARK_RAN','7:64c5728f5ca1f5aa4392217701c4fe23','update tableName=CREDENTIAL; update tableName=CREDENTIAL; update tableName=CREDENTIAL; update tableName=FED_USER_CREDENTIAL; update tableName=FED_USER_CREDENTIAL; update tableName=FED_USER_CREDENTIAL','',NULL,'3.5.4',NULL,NULL,'1961454280'),('8.0.0-credential-cleanup','keycloak','META-INF/jpa-changelog-8.0.0.xml','2020-02-17 17:47:56',75,'EXECUTED','7:41f3566ac5177459e1ed3ce8f0ad35d2','dropDefaultValue columnName=COUNTER, tableName=CREDENTIAL; dropDefaultValue columnName=DIGITS, tableName=CREDENTIAL; dropDefaultValue columnName=PERIOD, tableName=CREDENTIAL; dropDefaultValue columnName=ALGORITHM, tableName=CREDENTIAL; dropColumn ...','',NULL,'3.5.4',NULL,NULL,'1961454280'),('8.0.0-resource-tag-support','keycloak','META-INF/jpa-changelog-8.0.0.xml','2020-02-17 17:47:56',76,'EXECUTED','7:a73379915c23bfad3e8f5c6d5c0aa4bd','addColumn tableName=MIGRATION_MODEL; createIndex indexName=IDX_UPDATE_TIME, tableName=MIGRATION_MODEL','',NULL,'3.5.4',NULL,NULL,'1961454280'),('9.0.0-always-display-client','keycloak','META-INF/jpa-changelog-9.0.0.xml','2020-02-17 17:47:57',77,'EXECUTED','7:39e0073779aba192646291aa2332493d','addColumn tableName=CLIENT','',NULL,'3.5.4',NULL,NULL,'1961454280'),('9.0.0-drop-constraints-for-column-increase','keycloak','META-INF/jpa-changelog-9.0.0.xml','2020-02-17 17:47:57',78,'MARK_RAN','7:81f87368f00450799b4bf42ea0b3ec34','dropUniqueConstraint constraintName=UK_FRSR6T700S9V50BU18WS5PMT, tableName=RESOURCE_SERVER_PERM_TICKET; dropUniqueConstraint constraintName=UK_FRSR6T700S9V50BU18WS5HA6, tableName=RESOURCE_SERVER_RESOURCE; dropPrimaryKey constraintName=CONSTRAINT_O...','',NULL,'3.5.4',NULL,NULL,'1961454280'),('9.0.0-increase-column-size-federated-fk','keycloak','META-INF/jpa-changelog-9.0.0.xml','2020-02-17 17:47:59',79,'EXECUTED','7:20b37422abb9fb6571c618148f013a15','modifyDataType columnName=CLIENT_ID, tableName=FED_USER_CONSENT; modifyDataType columnName=CLIENT_REALM_CONSTRAINT, tableName=KEYCLOAK_ROLE; modifyDataType columnName=OWNER, tableName=RESOURCE_SERVER_POLICY; modifyDataType columnName=CLIENT_ID, ta...','',NULL,'3.5.4',NULL,NULL,'1961454280'),('9.0.0-recreate-constraints-after-column-increase','keycloak','META-INF/jpa-changelog-9.0.0.xml','2020-02-17 17:47:59',80,'MARK_RAN','7:1970bb6cfb5ee800736b95ad3fb3c78a','addNotNullConstraint columnName=CLIENT_ID, tableName=OFFLINE_CLIENT_SESSION; addNotNullConstraint columnName=OWNER, tableName=RESOURCE_SERVER_PERM_TICKET; addNotNullConstraint columnName=REQUESTER, tableName=RESOURCE_SERVER_PERM_TICKET; addNotNull...','',NULL,'3.5.4',NULL,NULL,'1961454280');
/*!40000 ALTER TABLE `DATABASECHANGELOG` ENABLE KEYS */;
UNLOCK TABLES;

--
-- Dumping data for table `DATABASECHANGELOGLOCK`
--

LOCK TABLES `DATABASECHANGELOGLOCK` WRITE;
/*!40000 ALTER TABLE `DATABASECHANGELOGLOCK` DISABLE KEYS */;
INSERT INTO `DATABASECHANGELOGLOCK` VALUES (1,_binary '\0',NULL,NULL),(1000,_binary '\0',NULL,NULL),(1001,_binary '\0',NULL,NULL);
/*!40000 ALTER TABLE `DATABASECHANGELOGLOCK` ENABLE KEYS */;
UNLOCK TABLES;

--
-- Dumping data for table `DEFAULT_CLIENT_SCOPE`
--

LOCK TABLES `DEFAULT_CLIENT_SCOPE` WRITE;
/*!40000 ALTER TABLE `DEFAULT_CLIENT_SCOPE` DISABLE KEYS */;
INSERT INTO `DEFAULT_CLIENT_SCOPE` VALUES ('JCP','2f82c51b-1aae-4be3-b307-58ec1283e197',_binary '\0'),('JCP','36d55e21-bcc4-4ee9-9e67-ab0fc0f190cd',_binary ''),('JCP','44fcb7fc-1311-4d67-84a1-b030aabc8381',_binary ''),('JCP','685436ea-8562-4bce-a53d-48e98d30249e',_binary ''),('JCP','7da4ef2e-c424-449f-9b4d-b8ac3f7b37ad',_binary '\0'),('JCP','a12673c4-64cd-450e-adf0-dfd96d4ad5a6',_binary ''),('JCP','dad3a98f-3a49-4184-87a7-652ece9b2eb4',_binary '\0'),('JCP','db97416d-73d3-4535-bc2f-6bcd60bb3182',_binary ''),('JCP','e86d2fcf-e398-4282-b81e-6dde3996c1de',_binary '\0'),('master','21680b15-9b9e-4c4c-b1a5-a04a663c0b48',_binary '\0'),('master','2e46e47f-38ee-4155-b1c8-d4d1680cf903',_binary ''),('master','53985e8e-43fe-45f5-8a14-8a29c07d786b',_binary ''),('master','635da59e-1468-4c0a-a35b-e4816b236997',_binary ''),('master','6d67529f-c43f-489c-90d6-ec1d79b5def0',_binary '\0'),('master','95bf4c39-e89d-4890-aa7a-2a09eca491ad',_binary '\0'),('master','a1164573-3cac-4dd0-9487-4c02601b5140',_binary ''),('master','cd263575-b953-4d7e-b2b4-d890e3d9d64b',_binary ''),('master','dbbb3193-8442-4aa3-aeec-be8e6d812e41',_binary '\0');
/*!40000 ALTER TABLE `DEFAULT_CLIENT_SCOPE` ENABLE KEYS */;
UNLOCK TABLES;

--
-- Dumping data for table `EVENT_ENTITY`
--

LOCK TABLES `EVENT_ENTITY` WRITE;
/*!40000 ALTER TABLE `EVENT_ENTITY` DISABLE KEYS */;
/*!40000 ALTER TABLE `EVENT_ENTITY` ENABLE KEYS */;
UNLOCK TABLES;

--
-- Dumping data for table `FEDERATED_IDENTITY`
--

LOCK TABLES `FEDERATED_IDENTITY` WRITE;
/*!40000 ALTER TABLE `FEDERATED_IDENTITY` DISABLE KEYS */;
/*!40000 ALTER TABLE `FEDERATED_IDENTITY` ENABLE KEYS */;
UNLOCK TABLES;

--
-- Dumping data for table `FEDERATED_USER`
--

LOCK TABLES `FEDERATED_USER` WRITE;
/*!40000 ALTER TABLE `FEDERATED_USER` DISABLE KEYS */;
/*!40000 ALTER TABLE `FEDERATED_USER` ENABLE KEYS */;
UNLOCK TABLES;

--
-- Dumping data for table `FED_USER_ATTRIBUTE`
--

LOCK TABLES `FED_USER_ATTRIBUTE` WRITE;
/*!40000 ALTER TABLE `FED_USER_ATTRIBUTE` DISABLE KEYS */;
/*!40000 ALTER TABLE `FED_USER_ATTRIBUTE` ENABLE KEYS */;
UNLOCK TABLES;

--
-- Dumping data for table `FED_USER_CONSENT`
--

LOCK TABLES `FED_USER_CONSENT` WRITE;
/*!40000 ALTER TABLE `FED_USER_CONSENT` DISABLE KEYS */;
/*!40000 ALTER TABLE `FED_USER_CONSENT` ENABLE KEYS */;
UNLOCK TABLES;

--
-- Dumping data for table `FED_USER_CONSENT_CL_SCOPE`
--

LOCK TABLES `FED_USER_CONSENT_CL_SCOPE` WRITE;
/*!40000 ALTER TABLE `FED_USER_CONSENT_CL_SCOPE` DISABLE KEYS */;
/*!40000 ALTER TABLE `FED_USER_CONSENT_CL_SCOPE` ENABLE KEYS */;
UNLOCK TABLES;

--
-- Dumping data for table `FED_USER_CREDENTIAL`
--

LOCK TABLES `FED_USER_CREDENTIAL` WRITE;
/*!40000 ALTER TABLE `FED_USER_CREDENTIAL` DISABLE KEYS */;
/*!40000 ALTER TABLE `FED_USER_CREDENTIAL` ENABLE KEYS */;
UNLOCK TABLES;

--
-- Dumping data for table `FED_USER_GROUP_MEMBERSHIP`
--

LOCK TABLES `FED_USER_GROUP_MEMBERSHIP` WRITE;
/*!40000 ALTER TABLE `FED_USER_GROUP_MEMBERSHIP` DISABLE KEYS */;
/*!40000 ALTER TABLE `FED_USER_GROUP_MEMBERSHIP` ENABLE KEYS */;
UNLOCK TABLES;

--
-- Dumping data for table `FED_USER_REQUIRED_ACTION`
--

LOCK TABLES `FED_USER_REQUIRED_ACTION` WRITE;
/*!40000 ALTER TABLE `FED_USER_REQUIRED_ACTION` DISABLE KEYS */;
/*!40000 ALTER TABLE `FED_USER_REQUIRED_ACTION` ENABLE KEYS */;
UNLOCK TABLES;

--
-- Dumping data for table `FED_USER_ROLE_MAPPING`
--

LOCK TABLES `FED_USER_ROLE_MAPPING` WRITE;
/*!40000 ALTER TABLE `FED_USER_ROLE_MAPPING` DISABLE KEYS */;
/*!40000 ALTER TABLE `FED_USER_ROLE_MAPPING` ENABLE KEYS */;
UNLOCK TABLES;

--
-- Dumping data for table `GROUP_ATTRIBUTE`
--

LOCK TABLES `GROUP_ATTRIBUTE` WRITE;
/*!40000 ALTER TABLE `GROUP_ATTRIBUTE` DISABLE KEYS */;
/*!40000 ALTER TABLE `GROUP_ATTRIBUTE` ENABLE KEYS */;
UNLOCK TABLES;

--
-- Dumping data for table `GROUP_ROLE_MAPPING`
--

LOCK TABLES `GROUP_ROLE_MAPPING` WRITE;
/*!40000 ALTER TABLE `GROUP_ROLE_MAPPING` DISABLE KEYS */;
/*!40000 ALTER TABLE `GROUP_ROLE_MAPPING` ENABLE KEYS */;
UNLOCK TABLES;

--
-- Dumping data for table `IDENTITY_PROVIDER`
--

LOCK TABLES `IDENTITY_PROVIDER` WRITE;
/*!40000 ALTER TABLE `IDENTITY_PROVIDER` DISABLE KEYS */;
/*!40000 ALTER TABLE `IDENTITY_PROVIDER` ENABLE KEYS */;
UNLOCK TABLES;

--
-- Dumping data for table `IDENTITY_PROVIDER_CONFIG`
--

LOCK TABLES `IDENTITY_PROVIDER_CONFIG` WRITE;
/*!40000 ALTER TABLE `IDENTITY_PROVIDER_CONFIG` DISABLE KEYS */;
/*!40000 ALTER TABLE `IDENTITY_PROVIDER_CONFIG` ENABLE KEYS */;
UNLOCK TABLES;

--
-- Dumping data for table `IDENTITY_PROVIDER_MAPPER`
--

LOCK TABLES `IDENTITY_PROVIDER_MAPPER` WRITE;
/*!40000 ALTER TABLE `IDENTITY_PROVIDER_MAPPER` DISABLE KEYS */;
/*!40000 ALTER TABLE `IDENTITY_PROVIDER_MAPPER` ENABLE KEYS */;
UNLOCK TABLES;

--
-- Dumping data for table `IDP_MAPPER_CONFIG`
--

LOCK TABLES `IDP_MAPPER_CONFIG` WRITE;
/*!40000 ALTER TABLE `IDP_MAPPER_CONFIG` DISABLE KEYS */;
/*!40000 ALTER TABLE `IDP_MAPPER_CONFIG` ENABLE KEYS */;
UNLOCK TABLES;

--
-- Dumping data for table `KEYCLOAK_GROUP`
--

LOCK TABLES `KEYCLOAK_GROUP` WRITE;
/*!40000 ALTER TABLE `KEYCLOAK_GROUP` DISABLE KEYS */;
/*!40000 ALTER TABLE `KEYCLOAK_GROUP` ENABLE KEYS */;
UNLOCK TABLES;

--
-- Dumping data for table `KEYCLOAK_ROLE`
--

LOCK TABLES `KEYCLOAK_ROLE` WRITE;
/*!40000 ALTER TABLE `KEYCLOAK_ROLE` DISABLE KEYS */;
INSERT INTO `KEYCLOAK_ROLE` VALUES ('01540585-efc5-4054-b815-1156488bf1da','b35aaa9d-012a-4a89-ae41-1662dad499c9',_binary '','${role_view-authorization}','view-authorization','master','b35aaa9d-012a-4a89-ae41-1662dad499c9',NULL),('018a286c-a66b-4208-ae01-3af68343cd90','b35aaa9d-012a-4a89-ae41-1662dad499c9',_binary '','${role_create-client}','create-client','master','b35aaa9d-012a-4a89-ae41-1662dad499c9',NULL),('0b8358a0-8d0c-41b1-a518-37ab5b6b183f','b35aaa9d-012a-4a89-ae41-1662dad499c9',_binary '','${role_query-clients}','query-clients','master','b35aaa9d-012a-4a89-ae41-1662dad499c9',NULL),('0e814370-1f59-4aa7-b026-4c0039e66647','b35aaa9d-012a-4a89-ae41-1662dad499c9',_binary '','${role_manage-clients}','manage-clients','master','b35aaa9d-012a-4a89-ae41-1662dad499c9',NULL),('13107b14-f4f8-4457-89d5-e6ca110d4614','26279715-4c82-41b0-bd5f-9493f94c1eb3',_binary '','${role_query-users}','query-users','JCP','26279715-4c82-41b0-bd5f-9493f94c1eb3',NULL),('16677ca1-9121-498c-92ea-1be759541d3e','26279715-4c82-41b0-bd5f-9493f94c1eb3',_binary '','${role_create-client}','create-client','JCP','26279715-4c82-41b0-bd5f-9493f94c1eb3',NULL),('17c2d4f2-cc15-4f2d-a5aa-fbb607260e25','master',_binary '\0','${role_offline-access}','offline_access','master',NULL,'master'),('17cad170-b142-4ff9-ad1b-82f86f1d15a8','9b57c777-220f-4c9e-b770-9d7fb670c72e',_binary '','${role_create-client}','create-client','master','9b57c777-220f-4c9e-b770-9d7fb670c72e',NULL),('1e23adaf-f339-4969-b60e-31d2636a4316','9b57c777-220f-4c9e-b770-9d7fb670c72e',_binary '','${role_manage-clients}','manage-clients','master','9b57c777-220f-4c9e-b770-9d7fb670c72e',NULL),('22beaf2c-0796-4568-bcb9-f6d6d59f0ed9','9b57c777-220f-4c9e-b770-9d7fb670c72e',_binary '','${role_manage-realm}','manage-realm','master','9b57c777-220f-4c9e-b770-9d7fb670c72e',NULL),('28deb9f7-99ee-4fdc-b2db-35cb8931b54a','26279715-4c82-41b0-bd5f-9493f94c1eb3',_binary '','${role_manage-authorization}','manage-authorization','JCP','26279715-4c82-41b0-bd5f-9493f94c1eb3',NULL),('29cdedf1-ef75-45b4-b2c2-e409780f5a54','9b57c777-220f-4c9e-b770-9d7fb670c72e',_binary '','${role_query-realms}','query-realms','master','9b57c777-220f-4c9e-b770-9d7fb670c72e',NULL),('4787f732-605e-4156-9307-24ac09ea6f43','26279715-4c82-41b0-bd5f-9493f94c1eb3',_binary '','${role_manage-identity-providers}','manage-identity-providers','JCP','26279715-4c82-41b0-bd5f-9493f94c1eb3',NULL),('4c4bab52-bdde-452b-a8bf-8993159e4dbb','42998bbf-4b42-442d-9e74-c913694fd655',_binary '','${role_read-token}','read-token','JCP','42998bbf-4b42-442d-9e74-c913694fd655',NULL),('502faa70-423e-4889-a954-42974eceb38d','b35aaa9d-012a-4a89-ae41-1662dad499c9',_binary '','${role_manage-users}','manage-users','master','b35aaa9d-012a-4a89-ae41-1662dad499c9',NULL),('52f4b1db-e152-4ce1-a49d-533301a31ea7','9b57c777-220f-4c9e-b770-9d7fb670c72e',_binary '','${role_view-users}','view-users','master','9b57c777-220f-4c9e-b770-9d7fb670c72e',NULL),('5396a429-ddd5-49ef-9414-731cbd3c599f','b35aaa9d-012a-4a89-ae41-1662dad499c9',_binary '','${role_manage-events}','manage-events','master','b35aaa9d-012a-4a89-ae41-1662dad499c9',NULL),('5417d6a8-173e-4ee0-9ac5-a5c91d7fa393','9b57c777-220f-4c9e-b770-9d7fb670c72e',_binary '','${role_query-users}','query-users','master','9b57c777-220f-4c9e-b770-9d7fb670c72e',NULL),('5976ad3f-b467-4474-9a1f-474d7d374341','9b57c777-220f-4c9e-b770-9d7fb670c72e',_binary '','${role_view-identity-providers}','view-identity-providers','master','9b57c777-220f-4c9e-b770-9d7fb670c72e',NULL),('5ee71034-396e-4da4-acd9-ecde3be49157','26279715-4c82-41b0-bd5f-9493f94c1eb3',_binary '','${role_query-clients}','query-clients','JCP','26279715-4c82-41b0-bd5f-9493f94c1eb3',NULL),('648c76ec-b319-462d-9bf6-023d2e33dec4','ba0fd594-b3c1-41ef-b46b-2b7a09220353',_binary '','${role_manage-consent}','manage-consent','master','ba0fd594-b3c1-41ef-b46b-2b7a09220353',NULL),('65b2126e-5ae7-4d9b-9a79-a3c52594ec20','9b57c777-220f-4c9e-b770-9d7fb670c72e',_binary '','${role_view-clients}','view-clients','master','9b57c777-220f-4c9e-b770-9d7fb670c72e',NULL),('68b5fc5a-3d9f-46ca-a292-afc07cce89dc','b35aaa9d-012a-4a89-ae41-1662dad499c9',_binary '','${role_manage-identity-providers}','manage-identity-providers','master','b35aaa9d-012a-4a89-ae41-1662dad499c9',NULL),('69be001f-dd39-4ed6-8f41-6cf760338d33','JCP',_binary '\0','${role_offline-access}','offline_access','JCP',NULL,'JCP'),('69be48fc-54cd-42bc-9cab-b1f9b6ad0e28','26279715-4c82-41b0-bd5f-9493f94c1eb3',_binary '','${role_view-events}','view-events','JCP','26279715-4c82-41b0-bd5f-9493f94c1eb3',NULL),('6a542746-9511-444e-868a-9ffa468ea452','b35aaa9d-012a-4a89-ae41-1662dad499c9',_binary '','${role_view-clients}','view-clients','master','b35aaa9d-012a-4a89-ae41-1662dad499c9',NULL),('6a5c3a38-426e-4d70-8abd-311d366b83a5','26279715-4c82-41b0-bd5f-9493f94c1eb3',_binary '','${role_manage-realm}','manage-realm','JCP','26279715-4c82-41b0-bd5f-9493f94c1eb3',NULL),('6b9bb1f8-3d8e-4c78-93df-847967d21d0c','26279715-4c82-41b0-bd5f-9493f94c1eb3',_binary '','${role_manage-events}','manage-events','JCP','26279715-4c82-41b0-bd5f-9493f94c1eb3',NULL),('6dac6e62-5e41-4a57-b0be-d4eca113edc2','ba0fd594-b3c1-41ef-b46b-2b7a09220353',_binary '','${role_view-consent}','view-consent','master','ba0fd594-b3c1-41ef-b46b-2b7a09220353',NULL),('794793db-6bd2-4371-8da8-74df1d9d9fe9','26279715-4c82-41b0-bd5f-9493f94c1eb3',_binary '','${role_view-realm}','view-realm','JCP','26279715-4c82-41b0-bd5f-9493f94c1eb3',NULL),('7c2638a1-5c6c-4775-814d-9bbcd9a439c8','ba0fd594-b3c1-41ef-b46b-2b7a09220353',_binary '','${role_view-applications}','view-applications','master','ba0fd594-b3c1-41ef-b46b-2b7a09220353',NULL),('7edb8547-653a-4593-a77f-e15ae37ade8e','9b57c777-220f-4c9e-b770-9d7fb670c72e',_binary '','${role_manage-authorization}','manage-authorization','master','9b57c777-220f-4c9e-b770-9d7fb670c72e',NULL),('8080ac26-8182-48f9-9f11-3c9e4320db5a','d17936ea-07bf-4c15-8782-5d59451d39f9',_binary '','${role_manage-consent}','manage-consent','JCP','d17936ea-07bf-4c15-8782-5d59451d39f9',NULL),('8487061c-2fed-482e-b589-af47b90400f2','b35aaa9d-012a-4a89-ae41-1662dad499c9',_binary '','${role_query-groups}','query-groups','master','b35aaa9d-012a-4a89-ae41-1662dad499c9',NULL),('874ea9dc-1b3a-4763-818f-aab58789fe5f','26279715-4c82-41b0-bd5f-9493f94c1eb3',_binary '','${role_view-identity-providers}','view-identity-providers','JCP','26279715-4c82-41b0-bd5f-9493f94c1eb3',NULL),('88ba148c-9a02-424c-b9cb-eb7a440c942e','9b57c777-220f-4c9e-b770-9d7fb670c72e',_binary '','${role_view-realm}','view-realm','master','9b57c777-220f-4c9e-b770-9d7fb670c72e',NULL),('8c1cea89-06fd-46d5-b491-cd6419749ad4','9b57c777-220f-4c9e-b770-9d7fb670c72e',_binary '','${role_query-groups}','query-groups','master','9b57c777-220f-4c9e-b770-9d7fb670c72e',NULL),('8e15085b-1d71-4842-a474-294fe69fb46c','26279715-4c82-41b0-bd5f-9493f94c1eb3',_binary '','${role_realm-admin}','realm-admin','JCP','26279715-4c82-41b0-bd5f-9493f94c1eb3',NULL),('96de5280-72eb-4cb3-8ca6-d297c500b70e','26279715-4c82-41b0-bd5f-9493f94c1eb3',_binary '','${role_view-clients}','view-clients','JCP','26279715-4c82-41b0-bd5f-9493f94c1eb3',NULL),('98b6cd9c-1f78-47e1-be60-63a1bc27cb82','master',_binary '\0','${role_admin}','admin','master',NULL,'master'),('9a861f36-2367-4ad0-b458-69153047fe87','JCP',_binary '\0','${role_uma_authorization}','uma_authorization','JCP',NULL,'JCP'),('9afbf3a3-bf46-4c5c-aa34-608a694100a0','ba0fd594-b3c1-41ef-b46b-2b7a09220353',_binary '','${role_manage-account}','manage-account','master','ba0fd594-b3c1-41ef-b46b-2b7a09220353',NULL),('9b257075-9f5e-4485-9b84-abcf4efd1d8f','ba0fd594-b3c1-41ef-b46b-2b7a09220353',_binary '','${role_view-profile}','view-profile','master','ba0fd594-b3c1-41ef-b46b-2b7a09220353',NULL),('a11f640b-bc47-4221-9da9-4de16e3fc014','9b57c777-220f-4c9e-b770-9d7fb670c72e',_binary '','${role_impersonation}','impersonation','master','9b57c777-220f-4c9e-b770-9d7fb670c72e',NULL),('aaed2533-7fea-42ab-bd2f-bb3c055faea8','9b57c777-220f-4c9e-b770-9d7fb670c72e',_binary '','${role_view-authorization}','view-authorization','master','9b57c777-220f-4c9e-b770-9d7fb670c72e',NULL),('ac0be068-201d-4f85-a641-8cfa96f7fcda','master',_binary '\0','${role_create-realm}','create-realm','master',NULL,'master'),('b1067e4c-97e5-439c-a429-ebae5915d94f','b35aaa9d-012a-4a89-ae41-1662dad499c9',_binary '','${role_view-users}','view-users','master','b35aaa9d-012a-4a89-ae41-1662dad499c9',NULL),('b1be621d-3137-4c1c-92cc-c3ec79f9a03b','26279715-4c82-41b0-bd5f-9493f94c1eb3',_binary '','${role_view-users}','view-users','JCP','26279715-4c82-41b0-bd5f-9493f94c1eb3',NULL),('b6f46621-8414-40ab-84a9-f4cf551493eb','b35aaa9d-012a-4a89-ae41-1662dad499c9',_binary '','${role_view-identity-providers}','view-identity-providers','master','b35aaa9d-012a-4a89-ae41-1662dad499c9',NULL),('b8675ad0-9b2e-439a-a342-fece7ccb4275','9b57c777-220f-4c9e-b770-9d7fb670c72e',_binary '','${role_manage-identity-providers}','manage-identity-providers','master','9b57c777-220f-4c9e-b770-9d7fb670c72e',NULL),('b90ee8cf-d9c1-48d1-8604-434a4bbe029e','b35aaa9d-012a-4a89-ae41-1662dad499c9',_binary '','${role_view-realm}','view-realm','master','b35aaa9d-012a-4a89-ae41-1662dad499c9',NULL),('b9f30839-863c-4678-9e01-863ede7721bb','26279715-4c82-41b0-bd5f-9493f94c1eb3',_binary '','${role_query-groups}','query-groups','JCP','26279715-4c82-41b0-bd5f-9493f94c1eb3',NULL),('bcd11c03-f868-4467-986b-395ec6997736','979cf196-5dde-4f21-89cb-116b0699e912',_binary '','${role_read-token}','read-token','master','979cf196-5dde-4f21-89cb-116b0699e912',NULL),('bd847e15-4d2e-4864-9ef2-fc73931e2f17','b35aaa9d-012a-4a89-ae41-1662dad499c9',_binary '','${role_view-events}','view-events','master','b35aaa9d-012a-4a89-ae41-1662dad499c9',NULL),('c4ebf8d2-311f-49c0-b810-1dd5d1b68137','JCP',_binary '\0','Define all clients that represent a Service.','srv','JCP',NULL,'JCP'),('c535fcb1-d878-415c-a015-34d42647b76a','master',_binary '\0','${role_uma_authorization}','uma_authorization','master',NULL,'master'),('c8143ebe-adff-4e32-abc5-4454c1067349','d17936ea-07bf-4c15-8782-5d59451d39f9',_binary '','${role_view-applications}','view-applications','JCP','d17936ea-07bf-4c15-8782-5d59451d39f9',NULL),('d608d062-5a86-45b4-9f33-a811a82ed902','9b57c777-220f-4c9e-b770-9d7fb670c72e',_binary '','${role_view-events}','view-events','master','9b57c777-220f-4c9e-b770-9d7fb670c72e',NULL),('d83d5629-fd62-4ec9-830c-f6a21b286a46','ba0fd594-b3c1-41ef-b46b-2b7a09220353',_binary '','${role_manage-account-links}','manage-account-links','master','ba0fd594-b3c1-41ef-b46b-2b7a09220353',NULL),('db647d86-8112-41e6-bf69-0ffb8391f44d','9b57c777-220f-4c9e-b770-9d7fb670c72e',_binary '','${role_query-clients}','query-clients','master','9b57c777-220f-4c9e-b770-9d7fb670c72e',NULL),('db789987-c37f-48ad-8fde-a04ca6d579d8','9b57c777-220f-4c9e-b770-9d7fb670c72e',_binary '','${role_manage-events}','manage-events','master','9b57c777-220f-4c9e-b770-9d7fb670c72e',NULL),('ddbb359e-2c9e-41e0-a162-31499eaffb0c','b35aaa9d-012a-4a89-ae41-1662dad499c9',_binary '','${role_manage-realm}','manage-realm','master','b35aaa9d-012a-4a89-ae41-1662dad499c9',NULL),('e1afcadf-52bd-4d8a-9b03-4caa91f3997f','26279715-4c82-41b0-bd5f-9493f94c1eb3',_binary '','${role_manage-clients}','manage-clients','JCP','26279715-4c82-41b0-bd5f-9493f94c1eb3',NULL),('e1e5349d-8bb4-47b7-8c7b-9af997ff70f3','JCP',_binary '\0','Define all users that can manage the JCP platform.','mng','JCP',NULL,'JCP'),('e46e4420-f60b-4f7c-84cd-fc1d3b2267b4','26279715-4c82-41b0-bd5f-9493f94c1eb3',_binary '','${role_impersonation}','impersonation','JCP','26279715-4c82-41b0-bd5f-9493f94c1eb3',NULL),('e55973b2-1258-4b99-8bba-2237b624d85a','26279715-4c82-41b0-bd5f-9493f94c1eb3',_binary '','${role_query-realms}','query-realms','JCP','26279715-4c82-41b0-bd5f-9493f94c1eb3',NULL),('eb83b771-450e-4229-b09a-445bcc515114','d17936ea-07bf-4c15-8782-5d59451d39f9',_binary '','${role_view-consent}','view-consent','JCP','d17936ea-07bf-4c15-8782-5d59451d39f9',NULL),('ec8272dd-7dd5-4fbb-b3a6-d527c2e5862e','26279715-4c82-41b0-bd5f-9493f94c1eb3',_binary '','${role_manage-users}','manage-users','JCP','26279715-4c82-41b0-bd5f-9493f94c1eb3',NULL),('ed004dc9-77ff-46a9-b4aa-994d286a03dd','b35aaa9d-012a-4a89-ae41-1662dad499c9',_binary '','${role_impersonation}','impersonation','master','b35aaa9d-012a-4a89-ae41-1662dad499c9',NULL),('f323f7fc-ff30-4f37-9f9e-2765e34f9032','26279715-4c82-41b0-bd5f-9493f94c1eb3',_binary '','${role_view-authorization}','view-authorization','JCP','26279715-4c82-41b0-bd5f-9493f94c1eb3',NULL),('f3bc33f1-8789-4c0b-be7f-328457f6219a','b35aaa9d-012a-4a89-ae41-1662dad499c9',_binary '','${role_manage-authorization}','manage-authorization','master','b35aaa9d-012a-4a89-ae41-1662dad499c9',NULL),('f42f3d16-9a6b-4337-b65d-81fbf59712a7','b35aaa9d-012a-4a89-ae41-1662dad499c9',_binary '','${role_query-realms}','query-realms','master','b35aaa9d-012a-4a89-ae41-1662dad499c9',NULL),('f5cf0caf-a20b-4a5a-a8eb-3f232e68eff1','JCP',_binary '\0','Define all clients that represent an Object.','obj','JCP',NULL,'JCP'),('f66031c1-bbfc-4770-987c-e9fe2af07f9c','d17936ea-07bf-4c15-8782-5d59451d39f9',_binary '','${role_manage-account}','manage-account','JCP','d17936ea-07bf-4c15-8782-5d59451d39f9',NULL),('f7a756fd-dea4-44dd-bcd4-d4c314f58bde','b35aaa9d-012a-4a89-ae41-1662dad499c9',_binary '','${role_query-users}','query-users','master','b35aaa9d-012a-4a89-ae41-1662dad499c9',NULL),('f87d3271-627e-4963-bb96-6ed2bda3ee89','d17936ea-07bf-4c15-8782-5d59451d39f9',_binary '','${role_view-profile}','view-profile','JCP','d17936ea-07bf-4c15-8782-5d59451d39f9',NULL),('fcb35559-33b6-4b50-a130-30784f9ee07c','9b57c777-220f-4c9e-b770-9d7fb670c72e',_binary '','${role_manage-users}','manage-users','master','9b57c777-220f-4c9e-b770-9d7fb670c72e',NULL),('fd4edf75-cebe-4ec0-b296-5f7881e2a1b8','d17936ea-07bf-4c15-8782-5d59451d39f9',_binary '','${role_manage-account-links}','manage-account-links','JCP','d17936ea-07bf-4c15-8782-5d59451d39f9',NULL);
/*!40000 ALTER TABLE `KEYCLOAK_ROLE` ENABLE KEYS */;
UNLOCK TABLES;

--
-- Dumping data for table `MIGRATION_MODEL`
--

LOCK TABLES `MIGRATION_MODEL` WRITE;
/*!40000 ALTER TABLE `MIGRATION_MODEL` DISABLE KEYS */;
INSERT INTO `MIGRATION_MODEL` VALUES ('riohu','9.0.0',1581961681);
/*!40000 ALTER TABLE `MIGRATION_MODEL` ENABLE KEYS */;
UNLOCK TABLES;

--
-- Dumping data for table `OFFLINE_CLIENT_SESSION`
--

LOCK TABLES `OFFLINE_CLIENT_SESSION` WRITE;
/*!40000 ALTER TABLE `OFFLINE_CLIENT_SESSION` DISABLE KEYS */;
/*!40000 ALTER TABLE `OFFLINE_CLIENT_SESSION` ENABLE KEYS */;
UNLOCK TABLES;

--
-- Dumping data for table `OFFLINE_USER_SESSION`
--

LOCK TABLES `OFFLINE_USER_SESSION` WRITE;
/*!40000 ALTER TABLE `OFFLINE_USER_SESSION` DISABLE KEYS */;
/*!40000 ALTER TABLE `OFFLINE_USER_SESSION` ENABLE KEYS */;
UNLOCK TABLES;

--
-- Dumping data for table `POLICY_CONFIG`
--

LOCK TABLES `POLICY_CONFIG` WRITE;
/*!40000 ALTER TABLE `POLICY_CONFIG` DISABLE KEYS */;
/*!40000 ALTER TABLE `POLICY_CONFIG` ENABLE KEYS */;
UNLOCK TABLES;

--
-- Dumping data for table `PROTOCOL_MAPPER`
--

LOCK TABLES `PROTOCOL_MAPPER` WRITE;
/*!40000 ALTER TABLE `PROTOCOL_MAPPER` DISABLE KEYS */;
INSERT INTO `PROTOCOL_MAPPER` VALUES ('0188c06a-805f-48d0-bbc8-ff1c5fce5745','Client ID','openid-connect','oidc-usersessionmodel-note-mapper','160d7294-ed23-4c0d-bed4-14727162d0e9',NULL),('02585f39-ef96-47c3-977e-4127050edf4f','picture','openid-connect','oidc-usermodel-attribute-mapper',NULL,'a1164573-3cac-4dd0-9487-4c02601b5140'),('04aedb67-bdc3-4d95-b2d0-ef80161a5481','locale','openid-connect','oidc-usermodel-attribute-mapper',NULL,'a1164573-3cac-4dd0-9487-4c02601b5140'),('08cbaf65-991b-4705-859f-fd793bff8512','groups','openid-connect','oidc-usermodel-realm-role-mapper',NULL,'2f82c51b-1aae-4be3-b307-58ec1283e197'),('0eb3d0d0-c0e6-49a1-a5a7-0b7af4b115d6','middle name','openid-connect','oidc-usermodel-attribute-mapper',NULL,'a1164573-3cac-4dd0-9487-4c02601b5140'),('0f399237-65c6-4184-ac64-bc88f3e5a4db','Client ID','openid-connect','oidc-usersessionmodel-note-mapper','3564bc5d-4650-4265-ab07-ab107580c915',NULL),('12f8df46-61f8-4101-a147-12e3f29e872d','locale','openid-connect','oidc-usermodel-attribute-mapper','3aa884c4-dffd-498c-8056-6f75e1eb953a',NULL),('14431afd-2961-4b44-aca9-afc51d0dc358','gender','openid-connect','oidc-usermodel-attribute-mapper',NULL,'a1164573-3cac-4dd0-9487-4c02601b5140'),('174e2545-113e-47c7-b895-ef893d788c26','given name','openid-connect','oidc-usermodel-property-mapper',NULL,'a1164573-3cac-4dd0-9487-4c02601b5140'),('19477747-d16e-4bd6-86c0-9ba38077fd35','phone number verified','openid-connect','oidc-usermodel-attribute-mapper',NULL,'21680b15-9b9e-4c4c-b1a5-a04a663c0b48'),('29eb31fc-6b72-4ef6-a068-2b299f072912','groups','openid-connect','oidc-usermodel-realm-role-mapper',NULL,'6d67529f-c43f-489c-90d6-ec1d79b5def0'),('2be5e1a8-1c91-4e4a-a2d8-d89c24263496','username','openid-connect','oidc-usermodel-property-mapper',NULL,'36d55e21-bcc4-4ee9-9e67-ab0fc0f190cd'),('2f1d241c-90ff-4442-80b1-4209834e7b66','phone number','openid-connect','oidc-usermodel-attribute-mapper',NULL,'e86d2fcf-e398-4282-b81e-6dde3996c1de'),('30fee4c4-6b26-437e-aa3b-f5521af25c7d','email','openid-connect','oidc-usermodel-property-mapper',NULL,'53985e8e-43fe-45f5-8a14-8a29c07d786b'),('33f25f93-0177-4737-bddb-8f5750e602b1','realm roles','openid-connect','oidc-usermodel-realm-role-mapper',NULL,'2e46e47f-38ee-4155-b1c8-d4d1680cf903'),('35167c05-916c-49ad-986c-9f5abeed9a30','allowed web origins','openid-connect','oidc-allowed-origins-mapper',NULL,'635da59e-1468-4c0a-a35b-e4816b236997'),('3784e121-2d27-4424-a042-393a51a0408a','profile','openid-connect','oidc-usermodel-attribute-mapper',NULL,'a1164573-3cac-4dd0-9487-4c02601b5140'),('3dc1f0a1-6228-4cce-947e-741e0a3b9517','audience resolve','openid-connect','oidc-audience-resolve-mapper','668cefc1-9844-43a3-bad2-00a21e312aed',NULL),('4572c7ff-2123-458a-9876-4eac4112958f','address','openid-connect','oidc-address-mapper',NULL,'95bf4c39-e89d-4890-aa7a-2a09eca491ad'),('476dc9f6-fcf5-4455-a678-6e573e041a78','upn','openid-connect','oidc-usermodel-property-mapper',NULL,'6d67529f-c43f-489c-90d6-ec1d79b5def0'),('4b10483d-dcd5-46de-b884-62663358b860','Obj role (Swagger)','openid-connect','oidc-hardcoded-role-mapper','0f5346de-6194-49d8-92e0-7e69f25d11b2',NULL),('4e023fd9-a3f1-4672-9f6c-61f91bcf59e7','updated at','openid-connect','oidc-usermodel-attribute-mapper',NULL,'36d55e21-bcc4-4ee9-9e67-ab0fc0f190cd'),('4f48a5a7-2bf8-4531-953d-428339693a78','website','openid-connect','oidc-usermodel-attribute-mapper',NULL,'a1164573-3cac-4dd0-9487-4c02601b5140'),('4fc3c8c6-7109-48f5-8c9c-197cea28f743','middle name','openid-connect','oidc-usermodel-attribute-mapper',NULL,'36d55e21-bcc4-4ee9-9e67-ab0fc0f190cd'),('5179b354-8a79-4c48-b73c-9510f0cefa0e','website','openid-connect','oidc-usermodel-attribute-mapper',NULL,'36d55e21-bcc4-4ee9-9e67-ab0fc0f190cd'),('527c3a29-e4f5-481f-b21e-77050ead5690','phone number verified','openid-connect','oidc-usermodel-attribute-mapper',NULL,'e86d2fcf-e398-4282-b81e-6dde3996c1de'),('58590c87-0e3a-4179-b31a-a1398f14a938','nickname','openid-connect','oidc-usermodel-attribute-mapper',NULL,'36d55e21-bcc4-4ee9-9e67-ab0fc0f190cd'),('5945ae58-aab9-42e0-b023-58b3186675af','email verified','openid-connect','oidc-usermodel-property-mapper',NULL,'53985e8e-43fe-45f5-8a14-8a29c07d786b'),('63d02bd3-8c72-408c-8755-f51968195316','allowed web origins','openid-connect','oidc-allowed-origins-mapper',NULL,'44fcb7fc-1311-4d67-84a1-b030aabc8381'),('67165265-9891-4765-b2c6-c4dde5e73622','family name','openid-connect','oidc-usermodel-property-mapper',NULL,'36d55e21-bcc4-4ee9-9e67-ab0fc0f190cd'),('6d994097-0495-44e0-9484-049f6b3d3ce3','gender','openid-connect','oidc-usermodel-attribute-mapper',NULL,'36d55e21-bcc4-4ee9-9e67-ab0fc0f190cd'),('6ecc1a89-749e-41d2-bcb5-23aafdacc625','locale','openid-connect','oidc-usermodel-attribute-mapper',NULL,'36d55e21-bcc4-4ee9-9e67-ab0fc0f190cd'),('7357f6ac-d903-4e5f-aee9-a8bc2234dbd2','zoneinfo','openid-connect','oidc-usermodel-attribute-mapper',NULL,'a1164573-3cac-4dd0-9487-4c02601b5140'),('77c5f422-3084-4cf6-905d-09ab93e8baf5','zoneinfo','openid-connect','oidc-usermodel-attribute-mapper',NULL,'36d55e21-bcc4-4ee9-9e67-ab0fc0f190cd'),('786168b5-b474-478c-92a4-ada6e00792ad','address','openid-connect','oidc-address-mapper',NULL,'7da4ef2e-c424-449f-9b4d-b8ac3f7b37ad'),('78bed94e-460c-4d56-bbd4-409e56954ea7','client roles','openid-connect','oidc-usermodel-client-role-mapper',NULL,'2e46e47f-38ee-4155-b1c8-d4d1680cf903'),('7a730ee9-c9cf-40f2-af99-8d3b622f1c91','birthdate','openid-connect','oidc-usermodel-attribute-mapper',NULL,'36d55e21-bcc4-4ee9-9e67-ab0fc0f190cd'),('7b1887a0-1094-4ff0-8021-591c166e570e','Client IP Address','openid-connect','oidc-usersessionmodel-note-mapper','3564bc5d-4650-4265-ab07-ab107580c915',NULL),('7d8950e2-81c4-4f56-940b-e3d7f40f0e02','picture','openid-connect','oidc-usermodel-attribute-mapper',NULL,'36d55e21-bcc4-4ee9-9e67-ab0fc0f190cd'),('8097aa53-f876-4cec-bf09-81875176122e','role list','saml','saml-role-list-mapper',NULL,'cd263575-b953-4d7e-b2b4-d890e3d9d64b'),('8bb5e372-6b4b-4c24-a5f8-cea6f9beb929','profile','openid-connect','oidc-usermodel-attribute-mapper',NULL,'36d55e21-bcc4-4ee9-9e67-ab0fc0f190cd'),('8bdd0733-c3b7-4196-a09c-920124eb91d2','email','openid-connect','oidc-usermodel-property-mapper',NULL,'a12673c4-64cd-450e-adf0-dfd96d4ad5a6'),('918cd87c-d826-4c14-85d8-e609ccd9b919','Srv role','openid-connect','oidc-hardcoded-role-mapper','79e472b0-e562-4535-a516-db7d7696a447',NULL),('92e44b37-24b0-4d0d-911d-07dd4a7a7155','audience resolve','openid-connect','oidc-audience-resolve-mapper','d675fd4d-220d-4aa3-ba53-7e1de594e67d',NULL),('995cd4d6-6940-49e1-b00c-1f791687a4cd','family name','openid-connect','oidc-usermodel-property-mapper',NULL,'a1164573-3cac-4dd0-9487-4c02601b5140'),('a6d851cc-321d-4f03-95e5-137d3b3b9df0','Srv role (Swagger)','openid-connect','oidc-hardcoded-role-mapper','0f5346de-6194-49d8-92e0-7e69f25d11b2',NULL),('abba5bf1-d5ce-4bc1-882f-1785335cc91c','role list','saml','saml-role-list-mapper',NULL,'db97416d-73d3-4535-bc2f-6bcd60bb3182'),('b1fd3339-5b5d-436a-b21a-6acd36160656','given name','openid-connect','oidc-usermodel-property-mapper',NULL,'36d55e21-bcc4-4ee9-9e67-ab0fc0f190cd'),('b6b74821-14d4-4620-9565-67bb51f82074','full name','openid-connect','oidc-full-name-mapper',NULL,'36d55e21-bcc4-4ee9-9e67-ab0fc0f190cd'),('bac594df-aef7-45ab-aba9-48a9bdafe974','audience resolve','openid-connect','oidc-audience-resolve-mapper',NULL,'2e46e47f-38ee-4155-b1c8-d4d1680cf903'),('bf55eb95-ebb5-43d5-9471-02c2eb22bd07','locale','openid-connect','oidc-usermodel-attribute-mapper','41b8ef05-ac2a-4cf2-b710-1107b21ef56f',NULL),('bf798464-ce7f-4315-8daa-5605faec39b9','Client Host','openid-connect','oidc-usersessionmodel-note-mapper','160d7294-ed23-4c0d-bed4-14727162d0e9',NULL),('c3e6a7b0-9988-4f21-b34a-97a54a0fb73e','realm roles','openid-connect','oidc-usermodel-realm-role-mapper',NULL,'685436ea-8562-4bce-a53d-48e98d30249e'),('ca6662b5-1cd2-4c3a-8c23-d5ef60981d69','full name','openid-connect','oidc-full-name-mapper',NULL,'a1164573-3cac-4dd0-9487-4c02601b5140'),('cb32bdcd-36da-40d6-a681-6a011d31603b','Client IP Address','openid-connect','oidc-usersessionmodel-note-mapper','160d7294-ed23-4c0d-bed4-14727162d0e9',NULL),('d3fe9671-89db-4754-9ede-52df63fb7841','Client Host','openid-connect','oidc-usersessionmodel-note-mapper','3564bc5d-4650-4265-ab07-ab107580c915',NULL),('d708cbf2-7ea7-4e93-bbcf-1866b9d73e0c','birthdate','openid-connect','oidc-usermodel-attribute-mapper',NULL,'a1164573-3cac-4dd0-9487-4c02601b5140'),('d876e95c-4685-4518-9d87-a3ad7d2ec817','upn','openid-connect','oidc-usermodel-property-mapper',NULL,'2f82c51b-1aae-4be3-b307-58ec1283e197'),('d8bd0a10-7183-4d8a-9874-f0eddcd87817','nickname','openid-connect','oidc-usermodel-attribute-mapper',NULL,'a1164573-3cac-4dd0-9487-4c02601b5140'),('dd7f7cae-9bce-4357-8e1d-29ad5d24d7f8','phone number','openid-connect','oidc-usermodel-attribute-mapper',NULL,'21680b15-9b9e-4c4c-b1a5-a04a663c0b48'),('deebc267-e31f-4a17-a88b-63fda24276a4','email verified','openid-connect','oidc-usermodel-property-mapper',NULL,'a12673c4-64cd-450e-adf0-dfd96d4ad5a6'),('e3d4753c-f163-485f-afbe-71b23d9b1218','username','openid-connect','oidc-usermodel-property-mapper',NULL,'a1164573-3cac-4dd0-9487-4c02601b5140'),('e71aa237-46b1-4375-b6d7-97ba00f04398','audience resolve','openid-connect','oidc-audience-resolve-mapper',NULL,'685436ea-8562-4bce-a53d-48e98d30249e'),('ec8e8b9a-5521-471e-9e6d-d877185acc94','updated at','openid-connect','oidc-usermodel-attribute-mapper',NULL,'a1164573-3cac-4dd0-9487-4c02601b5140'),('fe2b3f51-8885-4cd9-ba8f-c1549314ea44','client roles','openid-connect','oidc-usermodel-client-role-mapper',NULL,'685436ea-8562-4bce-a53d-48e98d30249e');
/*!40000 ALTER TABLE `PROTOCOL_MAPPER` ENABLE KEYS */;
UNLOCK TABLES;

--
-- Dumping data for table `PROTOCOL_MAPPER_CONFIG`
--

LOCK TABLES `PROTOCOL_MAPPER_CONFIG` WRITE;
/*!40000 ALTER TABLE `PROTOCOL_MAPPER_CONFIG` DISABLE KEYS */;
INSERT INTO `PROTOCOL_MAPPER_CONFIG` VALUES ('0188c06a-805f-48d0-bbc8-ff1c5fce5745','true','access.token.claim'),('0188c06a-805f-48d0-bbc8-ff1c5fce5745','clientId','claim.name'),('0188c06a-805f-48d0-bbc8-ff1c5fce5745','true','id.token.claim'),('0188c06a-805f-48d0-bbc8-ff1c5fce5745','String','jsonType.label'),('0188c06a-805f-48d0-bbc8-ff1c5fce5745','clientId','user.session.note'),('02585f39-ef96-47c3-977e-4127050edf4f','true','access.token.claim'),('02585f39-ef96-47c3-977e-4127050edf4f','picture','claim.name'),('02585f39-ef96-47c3-977e-4127050edf4f','true','id.token.claim'),('02585f39-ef96-47c3-977e-4127050edf4f','String','jsonType.label'),('02585f39-ef96-47c3-977e-4127050edf4f','picture','user.attribute'),('02585f39-ef96-47c3-977e-4127050edf4f','true','userinfo.token.claim'),('04aedb67-bdc3-4d95-b2d0-ef80161a5481','true','access.token.claim'),('04aedb67-bdc3-4d95-b2d0-ef80161a5481','locale','claim.name'),('04aedb67-bdc3-4d95-b2d0-ef80161a5481','true','id.token.claim'),('04aedb67-bdc3-4d95-b2d0-ef80161a5481','String','jsonType.label'),('04aedb67-bdc3-4d95-b2d0-ef80161a5481','locale','user.attribute'),('04aedb67-bdc3-4d95-b2d0-ef80161a5481','true','userinfo.token.claim'),('08cbaf65-991b-4705-859f-fd793bff8512','true','access.token.claim'),('08cbaf65-991b-4705-859f-fd793bff8512','groups','claim.name'),('08cbaf65-991b-4705-859f-fd793bff8512','true','id.token.claim'),('08cbaf65-991b-4705-859f-fd793bff8512','String','jsonType.label'),('08cbaf65-991b-4705-859f-fd793bff8512','true','multivalued'),('08cbaf65-991b-4705-859f-fd793bff8512','foo','user.attribute'),('0eb3d0d0-c0e6-49a1-a5a7-0b7af4b115d6','true','access.token.claim'),('0eb3d0d0-c0e6-49a1-a5a7-0b7af4b115d6','middle_name','claim.name'),('0eb3d0d0-c0e6-49a1-a5a7-0b7af4b115d6','true','id.token.claim'),('0eb3d0d0-c0e6-49a1-a5a7-0b7af4b115d6','String','jsonType.label'),('0eb3d0d0-c0e6-49a1-a5a7-0b7af4b115d6','middleName','user.attribute'),('0eb3d0d0-c0e6-49a1-a5a7-0b7af4b115d6','true','userinfo.token.claim'),('0f399237-65c6-4184-ac64-bc88f3e5a4db','true','access.token.claim'),('0f399237-65c6-4184-ac64-bc88f3e5a4db','clientId','claim.name'),('0f399237-65c6-4184-ac64-bc88f3e5a4db','true','id.token.claim'),('0f399237-65c6-4184-ac64-bc88f3e5a4db','String','jsonType.label'),('0f399237-65c6-4184-ac64-bc88f3e5a4db','clientId','user.session.note'),('12f8df46-61f8-4101-a147-12e3f29e872d','true','access.token.claim'),('12f8df46-61f8-4101-a147-12e3f29e872d','locale','claim.name'),('12f8df46-61f8-4101-a147-12e3f29e872d','true','id.token.claim'),('12f8df46-61f8-4101-a147-12e3f29e872d','String','jsonType.label'),('12f8df46-61f8-4101-a147-12e3f29e872d','locale','user.attribute'),('12f8df46-61f8-4101-a147-12e3f29e872d','true','userinfo.token.claim'),('14431afd-2961-4b44-aca9-afc51d0dc358','true','access.token.claim'),('14431afd-2961-4b44-aca9-afc51d0dc358','gender','claim.name'),('14431afd-2961-4b44-aca9-afc51d0dc358','true','id.token.claim'),('14431afd-2961-4b44-aca9-afc51d0dc358','String','jsonType.label'),('14431afd-2961-4b44-aca9-afc51d0dc358','gender','user.attribute'),('14431afd-2961-4b44-aca9-afc51d0dc358','true','userinfo.token.claim'),('174e2545-113e-47c7-b895-ef893d788c26','true','access.token.claim'),('174e2545-113e-47c7-b895-ef893d788c26','given_name','claim.name'),('174e2545-113e-47c7-b895-ef893d788c26','true','id.token.claim'),('174e2545-113e-47c7-b895-ef893d788c26','String','jsonType.label'),('174e2545-113e-47c7-b895-ef893d788c26','firstName','user.attribute'),('174e2545-113e-47c7-b895-ef893d788c26','true','userinfo.token.claim'),('19477747-d16e-4bd6-86c0-9ba38077fd35','true','access.token.claim'),('19477747-d16e-4bd6-86c0-9ba38077fd35','phone_number_verified','claim.name'),('19477747-d16e-4bd6-86c0-9ba38077fd35','true','id.token.claim'),('19477747-d16e-4bd6-86c0-9ba38077fd35','boolean','jsonType.label'),('19477747-d16e-4bd6-86c0-9ba38077fd35','phoneNumberVerified','user.attribute'),('19477747-d16e-4bd6-86c0-9ba38077fd35','true','userinfo.token.claim'),('29eb31fc-6b72-4ef6-a068-2b299f072912','true','access.token.claim'),('29eb31fc-6b72-4ef6-a068-2b299f072912','groups','claim.name'),('29eb31fc-6b72-4ef6-a068-2b299f072912','true','id.token.claim'),('29eb31fc-6b72-4ef6-a068-2b299f072912','String','jsonType.label'),('29eb31fc-6b72-4ef6-a068-2b299f072912','true','multivalued'),('29eb31fc-6b72-4ef6-a068-2b299f072912','foo','user.attribute'),('2be5e1a8-1c91-4e4a-a2d8-d89c24263496','true','access.token.claim'),('2be5e1a8-1c91-4e4a-a2d8-d89c24263496','preferred_username','claim.name'),('2be5e1a8-1c91-4e4a-a2d8-d89c24263496','true','id.token.claim'),('2be5e1a8-1c91-4e4a-a2d8-d89c24263496','String','jsonType.label'),('2be5e1a8-1c91-4e4a-a2d8-d89c24263496','username','user.attribute'),('2be5e1a8-1c91-4e4a-a2d8-d89c24263496','true','userinfo.token.claim'),('2f1d241c-90ff-4442-80b1-4209834e7b66','true','access.token.claim'),('2f1d241c-90ff-4442-80b1-4209834e7b66','phone_number','claim.name'),('2f1d241c-90ff-4442-80b1-4209834e7b66','true','id.token.claim'),('2f1d241c-90ff-4442-80b1-4209834e7b66','String','jsonType.label'),('2f1d241c-90ff-4442-80b1-4209834e7b66','phoneNumber','user.attribute'),('2f1d241c-90ff-4442-80b1-4209834e7b66','true','userinfo.token.claim'),('30fee4c4-6b26-437e-aa3b-f5521af25c7d','true','access.token.claim'),('30fee4c4-6b26-437e-aa3b-f5521af25c7d','email','claim.name'),('30fee4c4-6b26-437e-aa3b-f5521af25c7d','true','id.token.claim'),('30fee4c4-6b26-437e-aa3b-f5521af25c7d','String','jsonType.label'),('30fee4c4-6b26-437e-aa3b-f5521af25c7d','email','user.attribute'),('30fee4c4-6b26-437e-aa3b-f5521af25c7d','true','userinfo.token.claim'),('33f25f93-0177-4737-bddb-8f5750e602b1','true','access.token.claim'),('33f25f93-0177-4737-bddb-8f5750e602b1','realm_access.roles','claim.name'),('33f25f93-0177-4737-bddb-8f5750e602b1','String','jsonType.label'),('33f25f93-0177-4737-bddb-8f5750e602b1','true','multivalued'),('33f25f93-0177-4737-bddb-8f5750e602b1','foo','user.attribute'),('3784e121-2d27-4424-a042-393a51a0408a','true','access.token.claim'),('3784e121-2d27-4424-a042-393a51a0408a','profile','claim.name'),('3784e121-2d27-4424-a042-393a51a0408a','true','id.token.claim'),('3784e121-2d27-4424-a042-393a51a0408a','String','jsonType.label'),('3784e121-2d27-4424-a042-393a51a0408a','profile','user.attribute'),('3784e121-2d27-4424-a042-393a51a0408a','true','userinfo.token.claim'),('4572c7ff-2123-458a-9876-4eac4112958f','true','access.token.claim'),('4572c7ff-2123-458a-9876-4eac4112958f','true','id.token.claim'),('4572c7ff-2123-458a-9876-4eac4112958f','country','user.attribute.country'),('4572c7ff-2123-458a-9876-4eac4112958f','formatted','user.attribute.formatted'),('4572c7ff-2123-458a-9876-4eac4112958f','locality','user.attribute.locality'),('4572c7ff-2123-458a-9876-4eac4112958f','postal_code','user.attribute.postal_code'),('4572c7ff-2123-458a-9876-4eac4112958f','region','user.attribute.region'),('4572c7ff-2123-458a-9876-4eac4112958f','street','user.attribute.street'),('4572c7ff-2123-458a-9876-4eac4112958f','true','userinfo.token.claim'),('476dc9f6-fcf5-4455-a678-6e573e041a78','true','access.token.claim'),('476dc9f6-fcf5-4455-a678-6e573e041a78','upn','claim.name'),('476dc9f6-fcf5-4455-a678-6e573e041a78','true','id.token.claim'),('476dc9f6-fcf5-4455-a678-6e573e041a78','String','jsonType.label'),('476dc9f6-fcf5-4455-a678-6e573e041a78','username','user.attribute'),('476dc9f6-fcf5-4455-a678-6e573e041a78','true','userinfo.token.claim'),('4b10483d-dcd5-46de-b884-62663358b860','obj','role'),('4e023fd9-a3f1-4672-9f6c-61f91bcf59e7','true','access.token.claim'),('4e023fd9-a3f1-4672-9f6c-61f91bcf59e7','updated_at','claim.name'),('4e023fd9-a3f1-4672-9f6c-61f91bcf59e7','true','id.token.claim'),('4e023fd9-a3f1-4672-9f6c-61f91bcf59e7','String','jsonType.label'),('4e023fd9-a3f1-4672-9f6c-61f91bcf59e7','updatedAt','user.attribute'),('4e023fd9-a3f1-4672-9f6c-61f91bcf59e7','true','userinfo.token.claim'),('4f48a5a7-2bf8-4531-953d-428339693a78','true','access.token.claim'),('4f48a5a7-2bf8-4531-953d-428339693a78','website','claim.name'),('4f48a5a7-2bf8-4531-953d-428339693a78','true','id.token.claim'),('4f48a5a7-2bf8-4531-953d-428339693a78','String','jsonType.label'),('4f48a5a7-2bf8-4531-953d-428339693a78','website','user.attribute'),('4f48a5a7-2bf8-4531-953d-428339693a78','true','userinfo.token.claim'),('4fc3c8c6-7109-48f5-8c9c-197cea28f743','true','access.token.claim'),('4fc3c8c6-7109-48f5-8c9c-197cea28f743','middle_name','claim.name'),('4fc3c8c6-7109-48f5-8c9c-197cea28f743','true','id.token.claim'),('4fc3c8c6-7109-48f5-8c9c-197cea28f743','String','jsonType.label'),('4fc3c8c6-7109-48f5-8c9c-197cea28f743','middleName','user.attribute'),('4fc3c8c6-7109-48f5-8c9c-197cea28f743','true','userinfo.token.claim'),('5179b354-8a79-4c48-b73c-9510f0cefa0e','true','access.token.claim'),('5179b354-8a79-4c48-b73c-9510f0cefa0e','website','claim.name'),('5179b354-8a79-4c48-b73c-9510f0cefa0e','true','id.token.claim'),('5179b354-8a79-4c48-b73c-9510f0cefa0e','String','jsonType.label'),('5179b354-8a79-4c48-b73c-9510f0cefa0e','website','user.attribute'),('5179b354-8a79-4c48-b73c-9510f0cefa0e','true','userinfo.token.claim'),('527c3a29-e4f5-481f-b21e-77050ead5690','true','access.token.claim'),('527c3a29-e4f5-481f-b21e-77050ead5690','phone_number_verified','claim.name'),('527c3a29-e4f5-481f-b21e-77050ead5690','true','id.token.claim'),('527c3a29-e4f5-481f-b21e-77050ead5690','boolean','jsonType.label'),('527c3a29-e4f5-481f-b21e-77050ead5690','phoneNumberVerified','user.attribute'),('527c3a29-e4f5-481f-b21e-77050ead5690','true','userinfo.token.claim'),('58590c87-0e3a-4179-b31a-a1398f14a938','true','access.token.claim'),('58590c87-0e3a-4179-b31a-a1398f14a938','nickname','claim.name'),('58590c87-0e3a-4179-b31a-a1398f14a938','true','id.token.claim'),('58590c87-0e3a-4179-b31a-a1398f14a938','String','jsonType.label'),('58590c87-0e3a-4179-b31a-a1398f14a938','nickname','user.attribute'),('58590c87-0e3a-4179-b31a-a1398f14a938','true','userinfo.token.claim'),('5945ae58-aab9-42e0-b023-58b3186675af','true','access.token.claim'),('5945ae58-aab9-42e0-b023-58b3186675af','email_verified','claim.name'),('5945ae58-aab9-42e0-b023-58b3186675af','true','id.token.claim'),('5945ae58-aab9-42e0-b023-58b3186675af','boolean','jsonType.label'),('5945ae58-aab9-42e0-b023-58b3186675af','emailVerified','user.attribute'),('5945ae58-aab9-42e0-b023-58b3186675af','true','userinfo.token.claim'),('67165265-9891-4765-b2c6-c4dde5e73622','true','access.token.claim'),('67165265-9891-4765-b2c6-c4dde5e73622','family_name','claim.name'),('67165265-9891-4765-b2c6-c4dde5e73622','true','id.token.claim'),('67165265-9891-4765-b2c6-c4dde5e73622','String','jsonType.label'),('67165265-9891-4765-b2c6-c4dde5e73622','lastName','user.attribute'),('67165265-9891-4765-b2c6-c4dde5e73622','true','userinfo.token.claim'),('6d994097-0495-44e0-9484-049f6b3d3ce3','true','access.token.claim'),('6d994097-0495-44e0-9484-049f6b3d3ce3','gender','claim.name'),('6d994097-0495-44e0-9484-049f6b3d3ce3','true','id.token.claim'),('6d994097-0495-44e0-9484-049f6b3d3ce3','String','jsonType.label'),('6d994097-0495-44e0-9484-049f6b3d3ce3','gender','user.attribute'),('6d994097-0495-44e0-9484-049f6b3d3ce3','true','userinfo.token.claim'),('6ecc1a89-749e-41d2-bcb5-23aafdacc625','true','access.token.claim'),('6ecc1a89-749e-41d2-bcb5-23aafdacc625','locale','claim.name'),('6ecc1a89-749e-41d2-bcb5-23aafdacc625','true','id.token.claim'),('6ecc1a89-749e-41d2-bcb5-23aafdacc625','String','jsonType.label'),('6ecc1a89-749e-41d2-bcb5-23aafdacc625','locale','user.attribute'),('6ecc1a89-749e-41d2-bcb5-23aafdacc625','true','userinfo.token.claim'),('7357f6ac-d903-4e5f-aee9-a8bc2234dbd2','true','access.token.claim'),('7357f6ac-d903-4e5f-aee9-a8bc2234dbd2','zoneinfo','claim.name'),('7357f6ac-d903-4e5f-aee9-a8bc2234dbd2','true','id.token.claim'),('7357f6ac-d903-4e5f-aee9-a8bc2234dbd2','String','jsonType.label'),('7357f6ac-d903-4e5f-aee9-a8bc2234dbd2','zoneinfo','user.attribute'),('7357f6ac-d903-4e5f-aee9-a8bc2234dbd2','true','userinfo.token.claim'),('77c5f422-3084-4cf6-905d-09ab93e8baf5','true','access.token.claim'),('77c5f422-3084-4cf6-905d-09ab93e8baf5','zoneinfo','claim.name'),('77c5f422-3084-4cf6-905d-09ab93e8baf5','true','id.token.claim'),('77c5f422-3084-4cf6-905d-09ab93e8baf5','String','jsonType.label'),('77c5f422-3084-4cf6-905d-09ab93e8baf5','zoneinfo','user.attribute'),('77c5f422-3084-4cf6-905d-09ab93e8baf5','true','userinfo.token.claim'),('786168b5-b474-478c-92a4-ada6e00792ad','true','access.token.claim'),('786168b5-b474-478c-92a4-ada6e00792ad','true','id.token.claim'),('786168b5-b474-478c-92a4-ada6e00792ad','country','user.attribute.country'),('786168b5-b474-478c-92a4-ada6e00792ad','formatted','user.attribute.formatted'),('786168b5-b474-478c-92a4-ada6e00792ad','locality','user.attribute.locality'),('786168b5-b474-478c-92a4-ada6e00792ad','postal_code','user.attribute.postal_code'),('786168b5-b474-478c-92a4-ada6e00792ad','region','user.attribute.region'),('786168b5-b474-478c-92a4-ada6e00792ad','street','user.attribute.street'),('786168b5-b474-478c-92a4-ada6e00792ad','true','userinfo.token.claim'),('78bed94e-460c-4d56-bbd4-409e56954ea7','true','access.token.claim'),('78bed94e-460c-4d56-bbd4-409e56954ea7','resource_access.${client_id}.roles','claim.name'),('78bed94e-460c-4d56-bbd4-409e56954ea7','String','jsonType.label'),('78bed94e-460c-4d56-bbd4-409e56954ea7','true','multivalued'),('78bed94e-460c-4d56-bbd4-409e56954ea7','foo','user.attribute'),('7a730ee9-c9cf-40f2-af99-8d3b622f1c91','true','access.token.claim'),('7a730ee9-c9cf-40f2-af99-8d3b622f1c91','birthdate','claim.name'),('7a730ee9-c9cf-40f2-af99-8d3b622f1c91','true','id.token.claim'),('7a730ee9-c9cf-40f2-af99-8d3b622f1c91','String','jsonType.label'),('7a730ee9-c9cf-40f2-af99-8d3b622f1c91','birthdate','user.attribute'),('7a730ee9-c9cf-40f2-af99-8d3b622f1c91','true','userinfo.token.claim'),('7b1887a0-1094-4ff0-8021-591c166e570e','true','access.token.claim'),('7b1887a0-1094-4ff0-8021-591c166e570e','clientAddress','claim.name'),('7b1887a0-1094-4ff0-8021-591c166e570e','true','id.token.claim'),('7b1887a0-1094-4ff0-8021-591c166e570e','String','jsonType.label'),('7b1887a0-1094-4ff0-8021-591c166e570e','clientAddress','user.session.note'),('7d8950e2-81c4-4f56-940b-e3d7f40f0e02','true','access.token.claim'),('7d8950e2-81c4-4f56-940b-e3d7f40f0e02','picture','claim.name'),('7d8950e2-81c4-4f56-940b-e3d7f40f0e02','true','id.token.claim'),('7d8950e2-81c4-4f56-940b-e3d7f40f0e02','String','jsonType.label'),('7d8950e2-81c4-4f56-940b-e3d7f40f0e02','picture','user.attribute'),('7d8950e2-81c4-4f56-940b-e3d7f40f0e02','true','userinfo.token.claim'),('8097aa53-f876-4cec-bf09-81875176122e','Role','attribute.name'),('8097aa53-f876-4cec-bf09-81875176122e','Basic','attribute.nameformat'),('8097aa53-f876-4cec-bf09-81875176122e','false','single'),('8bb5e372-6b4b-4c24-a5f8-cea6f9beb929','true','access.token.claim'),('8bb5e372-6b4b-4c24-a5f8-cea6f9beb929','profile','claim.name'),('8bb5e372-6b4b-4c24-a5f8-cea6f9beb929','true','id.token.claim'),('8bb5e372-6b4b-4c24-a5f8-cea6f9beb929','String','jsonType.label'),('8bb5e372-6b4b-4c24-a5f8-cea6f9beb929','profile','user.attribute'),('8bb5e372-6b4b-4c24-a5f8-cea6f9beb929','true','userinfo.token.claim'),('8bdd0733-c3b7-4196-a09c-920124eb91d2','true','access.token.claim'),('8bdd0733-c3b7-4196-a09c-920124eb91d2','email','claim.name'),('8bdd0733-c3b7-4196-a09c-920124eb91d2','true','id.token.claim'),('8bdd0733-c3b7-4196-a09c-920124eb91d2','String','jsonType.label'),('8bdd0733-c3b7-4196-a09c-920124eb91d2','email','user.attribute'),('8bdd0733-c3b7-4196-a09c-920124eb91d2','true','userinfo.token.claim'),('918cd87c-d826-4c14-85d8-e609ccd9b919','srv','role'),('995cd4d6-6940-49e1-b00c-1f791687a4cd','true','access.token.claim'),('995cd4d6-6940-49e1-b00c-1f791687a4cd','family_name','claim.name'),('995cd4d6-6940-49e1-b00c-1f791687a4cd','true','id.token.claim'),('995cd4d6-6940-49e1-b00c-1f791687a4cd','String','jsonType.label'),('995cd4d6-6940-49e1-b00c-1f791687a4cd','lastName','user.attribute'),('995cd4d6-6940-49e1-b00c-1f791687a4cd','true','userinfo.token.claim'),('a6d851cc-321d-4f03-95e5-137d3b3b9df0','srv','role'),('abba5bf1-d5ce-4bc1-882f-1785335cc91c','Role','attribute.name'),('abba5bf1-d5ce-4bc1-882f-1785335cc91c','Basic','attribute.nameformat'),('abba5bf1-d5ce-4bc1-882f-1785335cc91c','false','single'),('b1fd3339-5b5d-436a-b21a-6acd36160656','true','access.token.claim'),('b1fd3339-5b5d-436a-b21a-6acd36160656','given_name','claim.name'),('b1fd3339-5b5d-436a-b21a-6acd36160656','true','id.token.claim'),('b1fd3339-5b5d-436a-b21a-6acd36160656','String','jsonType.label'),('b1fd3339-5b5d-436a-b21a-6acd36160656','firstName','user.attribute'),('b1fd3339-5b5d-436a-b21a-6acd36160656','true','userinfo.token.claim'),('b6b74821-14d4-4620-9565-67bb51f82074','true','access.token.claim'),('b6b74821-14d4-4620-9565-67bb51f82074','true','id.token.claim'),('b6b74821-14d4-4620-9565-67bb51f82074','true','userinfo.token.claim'),('bf55eb95-ebb5-43d5-9471-02c2eb22bd07','true','access.token.claim'),('bf55eb95-ebb5-43d5-9471-02c2eb22bd07','locale','claim.name'),('bf55eb95-ebb5-43d5-9471-02c2eb22bd07','true','id.token.claim'),('bf55eb95-ebb5-43d5-9471-02c2eb22bd07','String','jsonType.label'),('bf55eb95-ebb5-43d5-9471-02c2eb22bd07','locale','user.attribute'),('bf55eb95-ebb5-43d5-9471-02c2eb22bd07','true','userinfo.token.claim'),('bf798464-ce7f-4315-8daa-5605faec39b9','true','access.token.claim'),('bf798464-ce7f-4315-8daa-5605faec39b9','clientHost','claim.name'),('bf798464-ce7f-4315-8daa-5605faec39b9','true','id.token.claim'),('bf798464-ce7f-4315-8daa-5605faec39b9','String','jsonType.label'),('bf798464-ce7f-4315-8daa-5605faec39b9','clientHost','user.session.note'),('c3e6a7b0-9988-4f21-b34a-97a54a0fb73e','true','access.token.claim'),('c3e6a7b0-9988-4f21-b34a-97a54a0fb73e','realm_access.roles','claim.name'),('c3e6a7b0-9988-4f21-b34a-97a54a0fb73e','String','jsonType.label'),('c3e6a7b0-9988-4f21-b34a-97a54a0fb73e','true','multivalued'),('c3e6a7b0-9988-4f21-b34a-97a54a0fb73e','foo','user.attribute'),('ca6662b5-1cd2-4c3a-8c23-d5ef60981d69','true','access.token.claim'),('ca6662b5-1cd2-4c3a-8c23-d5ef60981d69','true','id.token.claim'),('ca6662b5-1cd2-4c3a-8c23-d5ef60981d69','true','userinfo.token.claim'),('cb32bdcd-36da-40d6-a681-6a011d31603b','true','access.token.claim'),('cb32bdcd-36da-40d6-a681-6a011d31603b','clientAddress','claim.name'),('cb32bdcd-36da-40d6-a681-6a011d31603b','true','id.token.claim'),('cb32bdcd-36da-40d6-a681-6a011d31603b','String','jsonType.label'),('cb32bdcd-36da-40d6-a681-6a011d31603b','clientAddress','user.session.note'),('d3fe9671-89db-4754-9ede-52df63fb7841','true','access.token.claim'),('d3fe9671-89db-4754-9ede-52df63fb7841','clientHost','claim.name'),('d3fe9671-89db-4754-9ede-52df63fb7841','true','id.token.claim'),('d3fe9671-89db-4754-9ede-52df63fb7841','String','jsonType.label'),('d3fe9671-89db-4754-9ede-52df63fb7841','clientHost','user.session.note'),('d708cbf2-7ea7-4e93-bbcf-1866b9d73e0c','true','access.token.claim'),('d708cbf2-7ea7-4e93-bbcf-1866b9d73e0c','birthdate','claim.name'),('d708cbf2-7ea7-4e93-bbcf-1866b9d73e0c','true','id.token.claim'),('d708cbf2-7ea7-4e93-bbcf-1866b9d73e0c','String','jsonType.label'),('d708cbf2-7ea7-4e93-bbcf-1866b9d73e0c','birthdate','user.attribute'),('d708cbf2-7ea7-4e93-bbcf-1866b9d73e0c','true','userinfo.token.claim'),('d876e95c-4685-4518-9d87-a3ad7d2ec817','true','access.token.claim'),('d876e95c-4685-4518-9d87-a3ad7d2ec817','upn','claim.name'),('d876e95c-4685-4518-9d87-a3ad7d2ec817','true','id.token.claim'),('d876e95c-4685-4518-9d87-a3ad7d2ec817','String','jsonType.label'),('d876e95c-4685-4518-9d87-a3ad7d2ec817','username','user.attribute'),('d876e95c-4685-4518-9d87-a3ad7d2ec817','true','userinfo.token.claim'),('d8bd0a10-7183-4d8a-9874-f0eddcd87817','true','access.token.claim'),('d8bd0a10-7183-4d8a-9874-f0eddcd87817','nickname','claim.name'),('d8bd0a10-7183-4d8a-9874-f0eddcd87817','true','id.token.claim'),('d8bd0a10-7183-4d8a-9874-f0eddcd87817','String','jsonType.label'),('d8bd0a10-7183-4d8a-9874-f0eddcd87817','nickname','user.attribute'),('d8bd0a10-7183-4d8a-9874-f0eddcd87817','true','userinfo.token.claim'),('dd7f7cae-9bce-4357-8e1d-29ad5d24d7f8','true','access.token.claim'),('dd7f7cae-9bce-4357-8e1d-29ad5d24d7f8','phone_number','claim.name'),('dd7f7cae-9bce-4357-8e1d-29ad5d24d7f8','true','id.token.claim'),('dd7f7cae-9bce-4357-8e1d-29ad5d24d7f8','String','jsonType.label'),('dd7f7cae-9bce-4357-8e1d-29ad5d24d7f8','phoneNumber','user.attribute'),('dd7f7cae-9bce-4357-8e1d-29ad5d24d7f8','true','userinfo.token.claim'),('deebc267-e31f-4a17-a88b-63fda24276a4','true','access.token.claim'),('deebc267-e31f-4a17-a88b-63fda24276a4','email_verified','claim.name'),('deebc267-e31f-4a17-a88b-63fda24276a4','true','id.token.claim'),('deebc267-e31f-4a17-a88b-63fda24276a4','boolean','jsonType.label'),('deebc267-e31f-4a17-a88b-63fda24276a4','emailVerified','user.attribute'),('deebc267-e31f-4a17-a88b-63fda24276a4','true','userinfo.token.claim'),('e3d4753c-f163-485f-afbe-71b23d9b1218','true','access.token.claim'),('e3d4753c-f163-485f-afbe-71b23d9b1218','preferred_username','claim.name'),('e3d4753c-f163-485f-afbe-71b23d9b1218','true','id.token.claim'),('e3d4753c-f163-485f-afbe-71b23d9b1218','String','jsonType.label'),('e3d4753c-f163-485f-afbe-71b23d9b1218','username','user.attribute'),('e3d4753c-f163-485f-afbe-71b23d9b1218','true','userinfo.token.claim'),('ec8e8b9a-5521-471e-9e6d-d877185acc94','true','access.token.claim'),('ec8e8b9a-5521-471e-9e6d-d877185acc94','updated_at','claim.name'),('ec8e8b9a-5521-471e-9e6d-d877185acc94','true','id.token.claim'),('ec8e8b9a-5521-471e-9e6d-d877185acc94','String','jsonType.label'),('ec8e8b9a-5521-471e-9e6d-d877185acc94','updatedAt','user.attribute'),('ec8e8b9a-5521-471e-9e6d-d877185acc94','true','userinfo.token.claim'),('fe2b3f51-8885-4cd9-ba8f-c1549314ea44','true','access.token.claim'),('fe2b3f51-8885-4cd9-ba8f-c1549314ea44','resource_access.${client_id}.roles','claim.name'),('fe2b3f51-8885-4cd9-ba8f-c1549314ea44','String','jsonType.label'),('fe2b3f51-8885-4cd9-ba8f-c1549314ea44','true','multivalued'),('fe2b3f51-8885-4cd9-ba8f-c1549314ea44','foo','user.attribute');
/*!40000 ALTER TABLE `PROTOCOL_MAPPER_CONFIG` ENABLE KEYS */;
UNLOCK TABLES;

--
-- Dumping data for table `REALM`
--

LOCK TABLES `REALM` WRITE;
/*!40000 ALTER TABLE `REALM` DISABLE KEYS */;
INSERT INTO `REALM` VALUES ('JCP',60,300,300,NULL,NULL,NULL,_binary '',_binary '\0',0,NULL,'jcp',0,NULL,_binary '',_binary '',_binary '',_binary '\0','ALL',1800,36000,_binary '\0',_binary '','b35aaa9d-012a-4a89-ae41-1662dad499c9',1800,_binary '\0',NULL,_binary '\0',_binary '\0',_binary '\0',_binary '',0,1,30,6,'HmacSHA1','totp','3c7c6bf3-e8f2-40ec-b983-b8fe943f0bd5','53e2489e-5213-41bb-a391-3ea9c736239b','815a58ed-7b72-473a-84d2-fd910b53bde9','04b85656-32c3-4968-b919-9713712ec670','ebd73d27-3689-4b94-a952-9e088e27c901',2592000,_binary '\0',900,_binary '',_binary '\0','0693c233-c9ea-401f-84c9-782f6791955a',0,_binary '\0',0,0),('master',60,300,60,NULL,NULL,NULL,_binary '',_binary '\0',0,NULL,'master',0,NULL,_binary '\0',_binary '\0',_binary '\0',_binary '\0','EXTERNAL',1800,36000,_binary '\0',_binary '\0','9b57c777-220f-4c9e-b770-9d7fb670c72e',1800,_binary '\0',NULL,_binary '\0',_binary '\0',_binary '\0',_binary '\0',0,1,30,6,'HmacSHA1','totp','41a7dd1e-6512-49d1-9f8f-4aa15bf8bc21','dd3761ee-752a-4d35-b2ab-469ba80f0188','0d3e804b-fdb0-4543-9cf0-2b4ef3c961fd','5022d3fb-f47d-4e82-9253-435658f6478a','d2f46f90-cc7e-46f3-9e2c-bdde5c5b010f',2592000,_binary '\0',900,_binary '',_binary '\0','57970f8c-cbb1-4048-85c7-ae110e0fc579',0,_binary '\0',0,0);
/*!40000 ALTER TABLE `REALM` ENABLE KEYS */;
UNLOCK TABLES;

--
-- Dumping data for table `REALM_ATTRIBUTE`
--

LOCK TABLES `REALM_ATTRIBUTE` WRITE;
/*!40000 ALTER TABLE `REALM_ATTRIBUTE` DISABLE KEYS */;
INSERT INTO `REALM_ATTRIBUTE` VALUES ('actionTokenGeneratedByAdminLifespan','43200','JCP'),('actionTokenGeneratedByUserLifespan','300','JCP'),('bruteForceProtected','false','JCP'),('bruteForceProtected','false','master'),('displayName','John Cloud Platform','JCP'),('displayName','Keycloak','master'),('displayNameHtml','John Cloud Platform','JCP'),('displayNameHtml','<div class=\"kc-logo-text\"><span>Keycloak</span></div>','master'),('failureFactor','30','JCP'),('failureFactor','30','master'),('maxDeltaTimeSeconds','43200','JCP'),('maxDeltaTimeSeconds','43200','master'),('maxFailureWaitSeconds','900','JCP'),('maxFailureWaitSeconds','900','master'),('minimumQuickLoginWaitSeconds','60','JCP'),('minimumQuickLoginWaitSeconds','60','master'),('offlineSessionMaxLifespan','5184000','JCP'),('offlineSessionMaxLifespan','5184000','master'),('offlineSessionMaxLifespanEnabled','false','JCP'),('offlineSessionMaxLifespanEnabled','false','master'),('permanentLockout','false','JCP'),('permanentLockout','false','master'),('quickLoginCheckMilliSeconds','1000','JCP'),('quickLoginCheckMilliSeconds','1000','master'),('waitIncrementSeconds','60','JCP'),('waitIncrementSeconds','60','master'),('webAuthnPolicyAttestationConveyancePreference','not specified','JCP'),('webAuthnPolicyAttestationConveyancePreferencePasswordless','not specified','JCP'),('webAuthnPolicyAuthenticatorAttachment','not specified','JCP'),('webAuthnPolicyAuthenticatorAttachmentPasswordless','not specified','JCP'),('webAuthnPolicyAvoidSameAuthenticatorRegister','false','JCP'),('webAuthnPolicyAvoidSameAuthenticatorRegisterPasswordless','false','JCP'),('webAuthnPolicyCreateTimeout','0','JCP'),('webAuthnPolicyCreateTimeoutPasswordless','0','JCP'),('webAuthnPolicyRequireResidentKey','not specified','JCP'),('webAuthnPolicyRequireResidentKeyPasswordless','not specified','JCP'),('webAuthnPolicyRpEntityName','keycloak','JCP'),('webAuthnPolicyRpEntityNamePasswordless','keycloak','JCP'),('webAuthnPolicyRpId','','JCP'),('webAuthnPolicyRpIdPasswordless','','JCP'),('webAuthnPolicySignatureAlgorithms','ES256','JCP'),('webAuthnPolicySignatureAlgorithmsPasswordless','ES256','JCP'),('webAuthnPolicyUserVerificationRequirement','not specified','JCP'),('webAuthnPolicyUserVerificationRequirementPasswordless','not specified','JCP'),('_browser_header.contentSecurityPolicy','frame-src \'self\'; frame-ancestors \'self\'; object-src \'none\';','JCP'),('_browser_header.contentSecurityPolicy','frame-src \'self\'; frame-ancestors \'self\'; object-src \'none\';','master'),('_browser_header.contentSecurityPolicyReportOnly','','JCP'),('_browser_header.contentSecurityPolicyReportOnly','','master'),('_browser_header.strictTransportSecurity','max-age=31536000; includeSubDomains','JCP'),('_browser_header.strictTransportSecurity','max-age=31536000; includeSubDomains','master'),('_browser_header.xContentTypeOptions','nosniff','JCP'),('_browser_header.xContentTypeOptions','nosniff','master'),('_browser_header.xFrameOptions','SAMEORIGIN','JCP'),('_browser_header.xFrameOptions','SAMEORIGIN','master'),('_browser_header.xRobotsTag','none','JCP'),('_browser_header.xRobotsTag','none','master'),('_browser_header.xXSSProtection','1; mode=block','JCP'),('_browser_header.xXSSProtection','1; mode=block','master');
/*!40000 ALTER TABLE `REALM_ATTRIBUTE` ENABLE KEYS */;
UNLOCK TABLES;

--
-- Dumping data for table `REALM_DEFAULT_GROUPS`
--

LOCK TABLES `REALM_DEFAULT_GROUPS` WRITE;
/*!40000 ALTER TABLE `REALM_DEFAULT_GROUPS` DISABLE KEYS */;
/*!40000 ALTER TABLE `REALM_DEFAULT_GROUPS` ENABLE KEYS */;
UNLOCK TABLES;

--
-- Dumping data for table `REALM_DEFAULT_ROLES`
--

LOCK TABLES `REALM_DEFAULT_ROLES` WRITE;
/*!40000 ALTER TABLE `REALM_DEFAULT_ROLES` DISABLE KEYS */;
INSERT INTO `REALM_DEFAULT_ROLES` VALUES ('master','17c2d4f2-cc15-4f2d-a5aa-fbb607260e25'),('master','c535fcb1-d878-415c-a015-34d42647b76a');
/*!40000 ALTER TABLE `REALM_DEFAULT_ROLES` ENABLE KEYS */;
UNLOCK TABLES;

--
-- Dumping data for table `REALM_ENABLED_EVENT_TYPES`
--

LOCK TABLES `REALM_ENABLED_EVENT_TYPES` WRITE;
/*!40000 ALTER TABLE `REALM_ENABLED_EVENT_TYPES` DISABLE KEYS */;
/*!40000 ALTER TABLE `REALM_ENABLED_EVENT_TYPES` ENABLE KEYS */;
UNLOCK TABLES;

--
-- Dumping data for table `REALM_EVENTS_LISTENERS`
--

LOCK TABLES `REALM_EVENTS_LISTENERS` WRITE;
/*!40000 ALTER TABLE `REALM_EVENTS_LISTENERS` DISABLE KEYS */;
INSERT INTO `REALM_EVENTS_LISTENERS` VALUES ('JCP','jboss-logging'),('master','jboss-logging');
/*!40000 ALTER TABLE `REALM_EVENTS_LISTENERS` ENABLE KEYS */;
UNLOCK TABLES;

--
-- Dumping data for table `REALM_REQUIRED_CREDENTIAL`
--

LOCK TABLES `REALM_REQUIRED_CREDENTIAL` WRITE;
/*!40000 ALTER TABLE `REALM_REQUIRED_CREDENTIAL` DISABLE KEYS */;
INSERT INTO `REALM_REQUIRED_CREDENTIAL` VALUES ('password','password',_binary '',_binary '','JCP'),('password','password',_binary '',_binary '','master');
/*!40000 ALTER TABLE `REALM_REQUIRED_CREDENTIAL` ENABLE KEYS */;
UNLOCK TABLES;

--
-- Dumping data for table `REALM_SMTP_CONFIG`
--

LOCK TABLES `REALM_SMTP_CONFIG` WRITE;
/*!40000 ALTER TABLE `REALM_SMTP_CONFIG` DISABLE KEYS */;
INSERT INTO `REALM_SMTP_CONFIG` VALUES ('JCP','true','auth'),('JCP','registrations@johnosproject.com','from'),('JCP','JCP Registration Service','fromDisplayName'),('JCP','in-v3.mailjet.com','host'),('JCP','46ccf6407fa705ed2de2a082a74754cc','password'),('JCP','587','port'),('JCP','registrations@johnosproject.com','replyTo'),('JCP','JCP Registration Service','replyToDisplayName'),('JCP','false','ssl'),('JCP','false','starttls'),('JCP','6e616b4996af8485368327a14dfd263b','user');
/*!40000 ALTER TABLE `REALM_SMTP_CONFIG` ENABLE KEYS */;
UNLOCK TABLES;

--
-- Dumping data for table `REALM_SUPPORTED_LOCALES`
--

LOCK TABLES `REALM_SUPPORTED_LOCALES` WRITE;
/*!40000 ALTER TABLE `REALM_SUPPORTED_LOCALES` DISABLE KEYS */;
/*!40000 ALTER TABLE `REALM_SUPPORTED_LOCALES` ENABLE KEYS */;
UNLOCK TABLES;

--
-- Dumping data for table `REDIRECT_URIS`
--

LOCK TABLES `REDIRECT_URIS` WRITE;
/*!40000 ALTER TABLE `REDIRECT_URIS` DISABLE KEYS */;
INSERT INTO `REDIRECT_URIS` VALUES ('0f5346de-6194-49d8-92e0-7e69f25d11b2','Client used by Swagger UI to access all APIs (All roles) using Implicit auth flow (the only onw supported by Swagger).'),('0f5346de-6194-49d8-92e0-7e69f25d11b2','https://localhost:9001/*'),('160d7294-ed23-4c0d-bed4-14727162d0e9','https://localhost:9001/*'),('3564bc5d-4650-4265-ab07-ab107580c915','https://localhost:9001/*'),('3aa884c4-dffd-498c-8056-6f75e1eb953a','/admin/jcp/console/*'),('41b8ef05-ac2a-4cf2-b710-1107b21ef56f','/admin/master/console/*'),('668cefc1-9844-43a3-bad2-00a21e312aed','/realms/JCP/account/*'),('79e472b0-e562-4535-a516-db7d7696a447','https://localhost:9001/*'),('ba0fd594-b3c1-41ef-b46b-2b7a09220353','/realms/master/account/*'),('d17936ea-07bf-4c15-8782-5d59451d39f9','/realms/jcp/account/*'),('d675fd4d-220d-4aa3-ba53-7e1de594e67d','/realms/master/account/*');
/*!40000 ALTER TABLE `REDIRECT_URIS` ENABLE KEYS */;
UNLOCK TABLES;

--
-- Dumping data for table `REQUIRED_ACTION_CONFIG`
--

LOCK TABLES `REQUIRED_ACTION_CONFIG` WRITE;
/*!40000 ALTER TABLE `REQUIRED_ACTION_CONFIG` DISABLE KEYS */;
/*!40000 ALTER TABLE `REQUIRED_ACTION_CONFIG` ENABLE KEYS */;
UNLOCK TABLES;

--
-- Dumping data for table `REQUIRED_ACTION_PROVIDER`
--

LOCK TABLES `REQUIRED_ACTION_PROVIDER` WRITE;
/*!40000 ALTER TABLE `REQUIRED_ACTION_PROVIDER` DISABLE KEYS */;
INSERT INTO `REQUIRED_ACTION_PROVIDER` VALUES ('2c5b9062-2df0-4a86-bc1d-f1b6be4c6549','UPDATE_PASSWORD','Update Password','master',_binary '',_binary '\0','UPDATE_PASSWORD',30),('48e2aea6-99fd-40ab-9ad4-6e5a537242c8','terms_and_conditions','Terms and Conditions','JCP',_binary '\0',_binary '\0','terms_and_conditions',20),('6453c01e-8dfc-419c-8623-7cfc51e87445','update_user_locale','Update User Locale','master',_binary '',_binary '\0','update_user_locale',1000),('69644192-15cd-409c-a645-a0092ca95610','UPDATE_PROFILE','Update Profile','master',_binary '',_binary '\0','UPDATE_PROFILE',40),('71ebae5a-50f9-4cfe-9317-a0c8de607926','update_user_locale','Update User Locale','JCP',_binary '',_binary '\0','update_user_locale',1000),('72d5faec-1883-4cdc-8025-d201f6432269','CONFIGURE_TOTP','Configure OTP','master',_binary '',_binary '\0','CONFIGURE_TOTP',10),('97ebba3a-2dd1-4ed1-a877-b752d4fd7b13','CONFIGURE_TOTP','Configure OTP','JCP',_binary '',_binary '\0','CONFIGURE_TOTP',10),('bb8de7e1-bdda-440a-8881-733e7944b047','VERIFY_EMAIL','Verify Email','master',_binary '',_binary '\0','VERIFY_EMAIL',50),('d0752bc3-4017-4583-95aa-3d9b9ce66851','terms_and_conditions','Terms and Conditions','master',_binary '\0',_binary '\0','terms_and_conditions',20),('dca9597e-0fed-45f2-ba4c-932609af674f','UPDATE_PASSWORD','Update Password','JCP',_binary '',_binary '\0','UPDATE_PASSWORD',30),('de4b2cb7-e47a-4f15-9a58-86f2a8cb7b3c','VERIFY_EMAIL','Verify Email','JCP',_binary '',_binary '\0','VERIFY_EMAIL',50),('e0ab70d4-04fb-4b1b-939c-bac95a7bfdd6','UPDATE_PROFILE','Update Profile','JCP',_binary '',_binary '\0','UPDATE_PROFILE',40);
/*!40000 ALTER TABLE `REQUIRED_ACTION_PROVIDER` ENABLE KEYS */;
UNLOCK TABLES;

--
-- Dumping data for table `RESOURCE_ATTRIBUTE`
--

LOCK TABLES `RESOURCE_ATTRIBUTE` WRITE;
/*!40000 ALTER TABLE `RESOURCE_ATTRIBUTE` DISABLE KEYS */;
/*!40000 ALTER TABLE `RESOURCE_ATTRIBUTE` ENABLE KEYS */;
UNLOCK TABLES;

--
-- Dumping data for table `RESOURCE_POLICY`
--

LOCK TABLES `RESOURCE_POLICY` WRITE;
/*!40000 ALTER TABLE `RESOURCE_POLICY` DISABLE KEYS */;
/*!40000 ALTER TABLE `RESOURCE_POLICY` ENABLE KEYS */;
UNLOCK TABLES;

--
-- Dumping data for table `RESOURCE_SCOPE`
--

LOCK TABLES `RESOURCE_SCOPE` WRITE;
/*!40000 ALTER TABLE `RESOURCE_SCOPE` DISABLE KEYS */;
/*!40000 ALTER TABLE `RESOURCE_SCOPE` ENABLE KEYS */;
UNLOCK TABLES;

--
-- Dumping data for table `RESOURCE_SERVER`
--

LOCK TABLES `RESOURCE_SERVER` WRITE;
/*!40000 ALTER TABLE `RESOURCE_SERVER` DISABLE KEYS */;
/*!40000 ALTER TABLE `RESOURCE_SERVER` ENABLE KEYS */;
UNLOCK TABLES;

--
-- Dumping data for table `RESOURCE_SERVER_PERM_TICKET`
--

LOCK TABLES `RESOURCE_SERVER_PERM_TICKET` WRITE;
/*!40000 ALTER TABLE `RESOURCE_SERVER_PERM_TICKET` DISABLE KEYS */;
/*!40000 ALTER TABLE `RESOURCE_SERVER_PERM_TICKET` ENABLE KEYS */;
UNLOCK TABLES;

--
-- Dumping data for table `RESOURCE_SERVER_POLICY`
--

LOCK TABLES `RESOURCE_SERVER_POLICY` WRITE;
/*!40000 ALTER TABLE `RESOURCE_SERVER_POLICY` DISABLE KEYS */;
/*!40000 ALTER TABLE `RESOURCE_SERVER_POLICY` ENABLE KEYS */;
UNLOCK TABLES;

--
-- Dumping data for table `RESOURCE_SERVER_RESOURCE`
--

LOCK TABLES `RESOURCE_SERVER_RESOURCE` WRITE;
/*!40000 ALTER TABLE `RESOURCE_SERVER_RESOURCE` DISABLE KEYS */;
/*!40000 ALTER TABLE `RESOURCE_SERVER_RESOURCE` ENABLE KEYS */;
UNLOCK TABLES;

--
-- Dumping data for table `RESOURCE_SERVER_SCOPE`
--

LOCK TABLES `RESOURCE_SERVER_SCOPE` WRITE;
/*!40000 ALTER TABLE `RESOURCE_SERVER_SCOPE` DISABLE KEYS */;
/*!40000 ALTER TABLE `RESOURCE_SERVER_SCOPE` ENABLE KEYS */;
UNLOCK TABLES;

--
-- Dumping data for table `RESOURCE_URIS`
--

LOCK TABLES `RESOURCE_URIS` WRITE;
/*!40000 ALTER TABLE `RESOURCE_URIS` DISABLE KEYS */;
/*!40000 ALTER TABLE `RESOURCE_URIS` ENABLE KEYS */;
UNLOCK TABLES;

--
-- Dumping data for table `ROLE_ATTRIBUTE`
--

LOCK TABLES `ROLE_ATTRIBUTE` WRITE;
/*!40000 ALTER TABLE `ROLE_ATTRIBUTE` DISABLE KEYS */;
/*!40000 ALTER TABLE `ROLE_ATTRIBUTE` ENABLE KEYS */;
UNLOCK TABLES;

--
-- Dumping data for table `SCOPE_MAPPING`
--

LOCK TABLES `SCOPE_MAPPING` WRITE;
/*!40000 ALTER TABLE `SCOPE_MAPPING` DISABLE KEYS */;
INSERT INTO `SCOPE_MAPPING` VALUES ('d675fd4d-220d-4aa3-ba53-7e1de594e67d','9afbf3a3-bf46-4c5c-aa34-608a694100a0'),('668cefc1-9844-43a3-bad2-00a21e312aed','f66031c1-bbfc-4770-987c-e9fe2af07f9c');
/*!40000 ALTER TABLE `SCOPE_MAPPING` ENABLE KEYS */;
UNLOCK TABLES;

--
-- Dumping data for table `SCOPE_POLICY`
--

LOCK TABLES `SCOPE_POLICY` WRITE;
/*!40000 ALTER TABLE `SCOPE_POLICY` DISABLE KEYS */;
/*!40000 ALTER TABLE `SCOPE_POLICY` ENABLE KEYS */;
UNLOCK TABLES;

--
-- Dumping data for table `USERNAME_LOGIN_FAILURE`
--

LOCK TABLES `USERNAME_LOGIN_FAILURE` WRITE;
/*!40000 ALTER TABLE `USERNAME_LOGIN_FAILURE` DISABLE KEYS */;
/*!40000 ALTER TABLE `USERNAME_LOGIN_FAILURE` ENABLE KEYS */;
UNLOCK TABLES;

--
-- Dumping data for table `USER_ATTRIBUTE`
--

LOCK TABLES `USER_ATTRIBUTE` WRITE;
/*!40000 ALTER TABLE `USER_ATTRIBUTE` DISABLE KEYS */;
/*!40000 ALTER TABLE `USER_ATTRIBUTE` ENABLE KEYS */;
UNLOCK TABLES;

--
-- Dumping data for table `USER_CONSENT`
--

LOCK TABLES `USER_CONSENT` WRITE;
/*!40000 ALTER TABLE `USER_CONSENT` DISABLE KEYS */;
/*!40000 ALTER TABLE `USER_CONSENT` ENABLE KEYS */;
UNLOCK TABLES;

--
-- Dumping data for table `USER_CONSENT_CLIENT_SCOPE`
--

LOCK TABLES `USER_CONSENT_CLIENT_SCOPE` WRITE;
/*!40000 ALTER TABLE `USER_CONSENT_CLIENT_SCOPE` DISABLE KEYS */;
/*!40000 ALTER TABLE `USER_CONSENT_CLIENT_SCOPE` ENABLE KEYS */;
UNLOCK TABLES;

--
-- Dumping data for table `USER_ENTITY`
--

LOCK TABLES `USER_ENTITY` WRITE;
/*!40000 ALTER TABLE `USER_ENTITY` DISABLE KEYS */;
INSERT INTO `USER_ENTITY` VALUES ('11762374-13ab-4c5c-b86b-a720f564571e',NULL,'8080ee49-21d1-43f4-abc0-a668ec36bf90',_binary '\0',_binary '',NULL,NULL,NULL,'JCP','service-account-test-client-obj',1583750956826,'3564bc5d-4650-4265-ab07-ab107580c915',0),('3d6bd9ed-8d63-43d6-a465-dbe9029e04c8','robypomper@johnosproject.com','robypomper@johnosproject.com',_binary '',_binary '',NULL,NULL,NULL,'JCP','roby',1583603873753,NULL,0),('487bb82f-49c6-4285-81a4-0757e79a85ea',NULL,'7f72268a-9924-473e-a5be-f7bcaf55ac30',_binary '\0',_binary '',NULL,NULL,NULL,'JCP','service-account-test-client-api',1584611002046,'160d7294-ed23-4c0d-bed4-14727162d0e9',0),('67de275c-1861-4e86-8e03-2ef643c8a592','roby.pomper@gmail.com','roby.pomper@gmail.com',_binary '',_binary '',NULL,'Pinco','Pallino','JCP','pinco',1583746021581,NULL,0),('6d53cc4f-7375-4eb4-801e-ad1590a0799e','robypomper@johnosproject.com','robypomper@johnosproject.com',_binary '\0',_binary '',NULL,'Roby','Admin','master','admin',1581961683252,NULL,0);
/*!40000 ALTER TABLE `USER_ENTITY` ENABLE KEYS */;
UNLOCK TABLES;

--
-- Dumping data for table `USER_FEDERATION_CONFIG`
--

LOCK TABLES `USER_FEDERATION_CONFIG` WRITE;
/*!40000 ALTER TABLE `USER_FEDERATION_CONFIG` DISABLE KEYS */;
/*!40000 ALTER TABLE `USER_FEDERATION_CONFIG` ENABLE KEYS */;
UNLOCK TABLES;

--
-- Dumping data for table `USER_FEDERATION_MAPPER`
--

LOCK TABLES `USER_FEDERATION_MAPPER` WRITE;
/*!40000 ALTER TABLE `USER_FEDERATION_MAPPER` DISABLE KEYS */;
/*!40000 ALTER TABLE `USER_FEDERATION_MAPPER` ENABLE KEYS */;
UNLOCK TABLES;

--
-- Dumping data for table `USER_FEDERATION_MAPPER_CONFIG`
--

LOCK TABLES `USER_FEDERATION_MAPPER_CONFIG` WRITE;
/*!40000 ALTER TABLE `USER_FEDERATION_MAPPER_CONFIG` DISABLE KEYS */;
/*!40000 ALTER TABLE `USER_FEDERATION_MAPPER_CONFIG` ENABLE KEYS */;
UNLOCK TABLES;

--
-- Dumping data for table `USER_FEDERATION_PROVIDER`
--

LOCK TABLES `USER_FEDERATION_PROVIDER` WRITE;
/*!40000 ALTER TABLE `USER_FEDERATION_PROVIDER` DISABLE KEYS */;
/*!40000 ALTER TABLE `USER_FEDERATION_PROVIDER` ENABLE KEYS */;
UNLOCK TABLES;

--
-- Dumping data for table `USER_GROUP_MEMBERSHIP`
--

LOCK TABLES `USER_GROUP_MEMBERSHIP` WRITE;
/*!40000 ALTER TABLE `USER_GROUP_MEMBERSHIP` DISABLE KEYS */;
/*!40000 ALTER TABLE `USER_GROUP_MEMBERSHIP` ENABLE KEYS */;
UNLOCK TABLES;

--
-- Dumping data for table `USER_REQUIRED_ACTION`
--

LOCK TABLES `USER_REQUIRED_ACTION` WRITE;
/*!40000 ALTER TABLE `USER_REQUIRED_ACTION` DISABLE KEYS */;
/*!40000 ALTER TABLE `USER_REQUIRED_ACTION` ENABLE KEYS */;
UNLOCK TABLES;

--
-- Dumping data for table `USER_ROLE_MAPPING`
--

LOCK TABLES `USER_ROLE_MAPPING` WRITE;
/*!40000 ALTER TABLE `USER_ROLE_MAPPING` DISABLE KEYS */;
INSERT INTO `USER_ROLE_MAPPING` VALUES ('f5cf0caf-a20b-4a5a-a8eb-3f232e68eff1','11762374-13ab-4c5c-b86b-a720f564571e'),('f66031c1-bbfc-4770-987c-e9fe2af07f9c','11762374-13ab-4c5c-b86b-a720f564571e'),('f87d3271-627e-4963-bb96-6ed2bda3ee89','11762374-13ab-4c5c-b86b-a720f564571e'),('e1e5349d-8bb4-47b7-8c7b-9af997ff70f3','3d6bd9ed-8d63-43d6-a465-dbe9029e04c8'),('f66031c1-bbfc-4770-987c-e9fe2af07f9c','3d6bd9ed-8d63-43d6-a465-dbe9029e04c8'),('f87d3271-627e-4963-bb96-6ed2bda3ee89','3d6bd9ed-8d63-43d6-a465-dbe9029e04c8'),('b1be621d-3137-4c1c-92cc-c3ec79f9a03b','487bb82f-49c6-4285-81a4-0757e79a85ea'),('f66031c1-bbfc-4770-987c-e9fe2af07f9c','487bb82f-49c6-4285-81a4-0757e79a85ea'),('f87d3271-627e-4963-bb96-6ed2bda3ee89','487bb82f-49c6-4285-81a4-0757e79a85ea'),('f66031c1-bbfc-4770-987c-e9fe2af07f9c','67de275c-1861-4e86-8e03-2ef643c8a592'),('f87d3271-627e-4963-bb96-6ed2bda3ee89','67de275c-1861-4e86-8e03-2ef643c8a592'),('17c2d4f2-cc15-4f2d-a5aa-fbb607260e25','6d53cc4f-7375-4eb4-801e-ad1590a0799e'),('98b6cd9c-1f78-47e1-be60-63a1bc27cb82','6d53cc4f-7375-4eb4-801e-ad1590a0799e'),('9afbf3a3-bf46-4c5c-aa34-608a694100a0','6d53cc4f-7375-4eb4-801e-ad1590a0799e'),('9b257075-9f5e-4485-9b84-abcf4efd1d8f','6d53cc4f-7375-4eb4-801e-ad1590a0799e'),('c535fcb1-d878-415c-a015-34d42647b76a','6d53cc4f-7375-4eb4-801e-ad1590a0799e');
/*!40000 ALTER TABLE `USER_ROLE_MAPPING` ENABLE KEYS */;
UNLOCK TABLES;

--
-- Dumping data for table `USER_SESSION`
--

LOCK TABLES `USER_SESSION` WRITE;
/*!40000 ALTER TABLE `USER_SESSION` DISABLE KEYS */;
/*!40000 ALTER TABLE `USER_SESSION` ENABLE KEYS */;
UNLOCK TABLES;

--
-- Dumping data for table `USER_SESSION_NOTE`
--

LOCK TABLES `USER_SESSION_NOTE` WRITE;
/*!40000 ALTER TABLE `USER_SESSION_NOTE` DISABLE KEYS */;
/*!40000 ALTER TABLE `USER_SESSION_NOTE` ENABLE KEYS */;
UNLOCK TABLES;

--
-- Dumping data for table `WEB_ORIGINS`
--

LOCK TABLES `WEB_ORIGINS` WRITE;
/*!40000 ALTER TABLE `WEB_ORIGINS` DISABLE KEYS */;
INSERT INTO `WEB_ORIGINS` VALUES ('0f5346de-6194-49d8-92e0-7e69f25d11b2','https://localhost:9001'),('160d7294-ed23-4c0d-bed4-14727162d0e9','https://localhost:9001'),('3564bc5d-4650-4265-ab07-ab107580c915','https://localhost:9001'),('3aa884c4-dffd-498c-8056-6f75e1eb953a','+'),('41b8ef05-ac2a-4cf2-b710-1107b21ef56f','+'),('79e472b0-e562-4535-a516-db7d7696a447','https://localhost:9001');
/*!40000 ALTER TABLE `WEB_ORIGINS` ENABLE KEYS */;
UNLOCK TABLES;
/*!40103 SET TIME_ZONE=@OLD_TIME_ZONE */;

/*!40101 SET SQL_MODE=@OLD_SQL_MODE */;
/*!40014 SET FOREIGN_KEY_CHECKS=@OLD_FOREIGN_KEY_CHECKS */;
/*!40014 SET UNIQUE_CHECKS=@OLD_UNIQUE_CHECKS */;
/*!40101 SET CHARACTER_SET_CLIENT=@OLD_CHARACTER_SET_CLIENT */;
/*!40101 SET CHARACTER_SET_RESULTS=@OLD_CHARACTER_SET_RESULTS */;
/*!40101 SET COLLATION_CONNECTION=@OLD_COLLATION_CONNECTION */;
/*!40111 SET SQL_NOTES=@OLD_SQL_NOTES */;

-- Dump completed on 2020-03-19 10:50:19
